Name;Sector;Ticker;Country
Compañía de Transporte de Energía Eléctrica en Alta Tensión Transener S.A.;Electric Utilities;TRAN.BA;Argentina
Cisco Systems, Inc.;Communication Equipment;CSCO.BA;Argentina
Sociedad Comercial del Plata S.A.;Conglomerates;COME.BA;Argentina
Banco Hipotecario S.A.;Money Center Banks;BHIP.BA;Argentina
Rigolleau S.A.;Personal Products;RIGO.BA;Argentina
Ledesma Sociedad Anónima Agrícola Industrial;Farm Products;LEDE.BA;Argentina
Grupo Clarín S.A.;Entertainment - Diversified;GCLA.BA;Argentina
Molinos Rio de la Plata S.A.;Food - Major Diversified;MOLI.BA;Argentina
Transportadora de Gas del Norte S.A.;Gas Utilities;TGNO4.BA;Argentina
The Home Depot, Inc.;Home Improvement Stores;HD.BA;Argentina
Ferrum Sociedad Anonima de Ceramica y Metalurgia;General Building Materials;FERR.BA;Argentina
S.A. San Miguel A.G.I.C.I. y F.;Farm Products;SAMI.BA;Argentina
Molinos Juan Semino S.A.;Farm Products;SEMI.BA;Argentina
The Coca-Cola Company;Beverages - Soft Drinks;KO.BA;Argentina
Kimberly-Clark Corporation;Personal Products;KMB.BA;Argentina
Newmont Mining Corporation;Gold;NEM.BA;Argentina
NIKE, Inc.;Textile - Apparel Footwear & Accessories;NKE.BA;Argentina
Banco Santander Rio S.A.;Money Center Banks;BRIO6.BA;Argentina
Banco Santander Rio S.A.;Money Center Banks;BRIO.BA;Argentina
Agrometal S.A.I.;Farm & Construction Machinery;AGRO.BA;Argentina
Consultatio S.A.;Property Management;CTIO.BA;Argentina
QUALCOMM Incorporated;Semiconductor - Broad Line;QCOM.BA;Argentina
VALE S.A. CEDEAR;Financial Services;VALE.BA;Argentina
TGLT S.A.;Property Management;TGLT.BA;Argentina
AT&T Inc.;Wireless Communications;T.BA;Argentina
Wal-Mart Stores, Inc.;Discount, Variety Stores;WMT.BA;Argentina
The Walt Disney Company;Entertainment - Diversified;DISN.BA;Argentina
Garovaglio y Zorraquín S.A.;Conglomerates;GARO.BA;Argentina
Apple Inc.;Electronic Equipment;AAPL.BA;Argentina
CREDIT SUISSE GP CEDEAR;Financial Services;CS.BA;Argentina
NOVARTIS AG CEDEAR;Healthcare;NVS.BA;Argentina
SIEMENS AG CEDEAR;Technology;SIEGY.BA;Argentina
Insumos Agroquímicos S.A.;Agricultural Chemicals;INAG.BA;Argentina
Grupo Financiero Valores S.A.;Asset Management;VALO.BA;Argentina
Compañía Introductora de Buenos Aires Sociedad Anónima;Food - Major Diversified;INTR.BA;Argentina
American International Group, Inc.;Specialty Retail, Other;AIG.BA;Argentina
Alphabet Inc.;Internet Information Providers;GOOGL.BA;Argentina
Altria Group, Inc.;Food;MO.BA;Argentina
Aluar Aluminio Argentino S.A.I.C.;Aluminum;ALUA.BA;Argentina
American Express Company;Financial Services;AXP.BA;Argentina
Intel Corporation;Semiconductor - Broad Line;INTC.BA;Argentina
International Business Machines Corporation;Information Technology Services;IBM.BA;Argentina
Carboclor S.A.;Chemicals - Major Diversified;CARC.BA;Argentina
Banco Patagonia S.A.;Money Center Banks;BPAT.BA;Argentina
Polledo S.A.I.C. y F.;General Contractors;POLL.BA;Argentina
The Procter & Gamble Company;Personal Products;PG.BA;Argentina
Pampa Energía S.A.;Electric Utilities;PAMP.BA;Argentina
Morixe Hermanos S.A.C. e I.;Food - Major Diversified;MORI.BA;Argentina
3M Company;Diversified Machinery;MMM.BA;Argentina
Bank of China;Financial;3988.HK;China
China Construction Bank;Financial;0939.HK;China
China Life Insurance Company;Financial;2628.HK;China
China Merchants Bank;Financial;3968.HK;China
China Mobile;Communication;0941.HK;China
China Overseas Land and Investment;Real Estate;0688.HK;China
China Petroleum & Chemical;Energy;0386.HK;China
CNOOC Limited;Energy;0883.HK;China
Industrial and Commercial Bank of China;Financial;1398.HK;China
Meituan-Dianping;Consumer Discretionary;3690.HK;China
PetroChina;Energy;0857.HK;China
Ping An Insurance;Financial;2318.HK;China
Tencent Holdings;Communication;0700.HK;China
Xiaomi;Information Technology;1810.HK;China
DBS Group;Financial;D05.SI;Singapore
Oversea-Chinese Banking;Financial;O39.SI;Singapore
Singapore Telecommunications;Communication;Z74.SI;Singapore
United Overseas Bank;Financial;U11.SI;Singapore
AIA Group;Financial;1299.HK;Hong Kong
CK Asset Holdings;Real Estate;1113.HK;Hong Kong
CK Hutchison Holdings;Industrials;0001.HK;Hong Kong
CLP Holdings;Utilities;0002.HK;Hong Kong
Galaxy Entertainment Group;Consumer Discretionary;0027.HK;Hong Kong
Hang Seng Bank;Financial;0011.HK;Hong Kong
Hong Kong and China Gas;Utilities;0003.HK;Hong Kong
Hong Kong Exchanges and Clearing;Financial;0388.HK;Hong Kong
Link Real Estate Investment Trust;Real Estate;0823.HK;Hong Kong
Sands China;Consumer Discretionary;1928.HK;Hong Kong
Sun Hung Kai Properties;Real Estate;0016.HK;Hong Kong
Celltrion;Health Care;068270.KS;South Korea
Hyundai Mobis;Consumer Discretionary;012330.KS;South Korea
Hyundai Motor Company;Consumer Discretionary;005380.KS;South Korea
KB Financial Group Inc;Financial;105560.KS;South Korea
KT&G;Consumer Staples;033780.KS;South Korea
LG Chem;Materials;051910.KS;South Korea
Naver;Communication;035420.KS;South Korea
POSCO;Materials;005490.KS;South Korea
Samsung Electronics;Information Technology;005930.KS;South Korea
Samsung Electronics (Non-voting);Information Technology;005935.KS;South Korea
Shinhan Financial Group;Financial;055550.KS;South Korea
SK Hynix;Information Technology;000660.KS;South Korea
Cathay Financial Holding;Financial;2882.TW;Taiwan
Chunghwa Telecommunications;Communication;2412.TW;Taiwan
CTBC Financial Holding;Financial;2891.TW;Taiwan
Formosa Chemicals & Fibre Corporation;Materials;1326.TW;Taiwan
Formosa Plastics Corporation;Materials;1301.TW;Taiwan
Hon Hai Precision Industry;Information Technology;2317.TW;Taiwan
Largan Precision;Information Technology;3008.TW;Taiwan
MediaTek;Information Technology;2454.TW;Taiwan
Nan Ya Plastics Corporation;Materials;1303.TW;Taiwan
Taiwan Semiconductor Manufacturing;Information Technology;2330.TW;Taiwan
ADMIE (IPTO) HOLDING S.A.;Conventional Electricity;ADMIE.AT;Greece
Aegean Airlines;Airlines;AEGN.AT;Greece
Alpha Bank;Banks;ALPHA.AT;Greece
Jumbo;Toys;BELA.AT;Greece
Coca-Cola HBC AG;Soft Drinks;EEE.AT;Greece
Hellenic Petroleum;Integrated Oil and Gas;ELPE.AT;Greece
National Bank of Greece;Banks;ETE.AT;Greece
Eurobank Ergasias;Banks;EUROB.AT;Greece
EYDAP;Water;EYDAP.AT;Greece
Folli Follie;Specialty Retailers;FLLIY;Greece
GEK Terna;Heavy Construction;GEKTERNA.AT;Greece
OTE;Fixed Line Telecommunications;HTO.AT;Greece
Lamda Development S.A.;Real Estate Holding & Development;LAMDA.AT;Greece
Motor Oil Hellas;Exploration & Production;MOH.AT;Greece
Mytilineos Holdings;Nonferrous Metals;MYTIL.AT;Greece
OPAP;Gambling;OPAP.AT;Greece
Piraeus Port Authority S.A.;Transportation Services;PPA.AT;Greece
Public Power Corporation;Conventional Electricity;PPC.AT;Greece
Gr. Sarantis S.A.;Personal Products;SAR.AT;Greece
Terna Energy;Alternative Electricity;TENERGY.AT;Greece
Piraeus Bank;Banks;TPEIR.AT;Greece
Viohalco;Diversified Industrials;VIO.AT;Greece
The A2 Milk Company;Consumer Staples;A2M.AX;Australia
AGL Energy;Utilities;AGL;Australia
Amcor;Materials;AMC;Australia
ANZ Banking Group;Financials;ANZ.AX;Australia
APA Group;Utilities;APA.AX;Australia
Ampol;Energy;ALD.AX;Australia
Aristocrat Leisure;Consumer Discretionary;ALL.AX;Australia
ASX;Financials;ASX;Australia
Aurizon;Industrials;AZJ.AX;Australia
BHP;Materials;BHP;Australia
Brambles;Industrials;BXB.AX;Australia
Cochlear;Health Care;COH.AX;Australia
Coles Group;Consumer Staples;COL;Australia
Commonwealth Bank;Financials;CBA.AX;Australia
Computershare;Information Technology;CPU.AX;Australia
CSL;Health Care;CSL;Australia
Dexus;Financials;DXS.AX;Australia
Fortescue Metals Group;Materials;FMG.AX;Australia
Goodman Group;Financials;GMG.AX;Australia
GPT Group;Financials;GPT.AX;Australia
Insurance Australia Group;Financials;IAG;Australia
James Hardie;Materials;JHX;Australia
Lendlease;Financials;LLC.AX;Australia
Macquarie Group;Financials;MQG.AX;Australia
Medibank;Financials;MPL.AX;Australia
Mirvac;Financials;MGR;Australia
National Australia Bank;Financials;NAB.AX;Australia
Newcrest Mining;Materials;NCM;Australia
Oil Search;Energy;OSH;Australia
Orica;Materials;ORI;Australia
Origin Energy;Energy;ORG.AX;Australia
Qantas;Industrials;QAN.AX;Australia
QBE Insurance Group;Financials;QBE.AX;Australia
Ramsay Health Care;Health Care;RHC.AX;Australia
Rio Tinto;Materials;RIO;Australia
Santos;Energy;STO.AX;Australia
Scentre Group;Real Estate;SCG;Australia
Sonic Healthcare;Health Care;SHL;Australia
South32;Materials;S32.AX;Australia
Stockland;Financials;SGP.AX;Australia
Suncorp Group;Financials;SUN;Australia
Sydney Airport Holdings;Industrials;SYD.AX;Australia
Telstra;Telecommunications Services;TLS;Australia
Transurban;Industrials;TCL.AX;Australia
Treasury Wine Estates;Consumer Staples;TWE.AX;Australia
Vicinity;Financials;VCX.AX;Australia
Wesfarmers;Industrials;WES;Australia
Westpac;Financials;WBC.AX;Australia
Woodside Petroleum;Energy;WPL.AX;Australia
Woolworths;Consumer Staples;WOW;Australia
Ackermans & van Haaren;Financial Services;ACKB.VI;Belgium
Aedifica;Real Estate;AED.BR;Belgium
Ageas;Insurance;AGS.VI;Belgium
AB InBev;Food & Beverage;ABI.BR;Belgium
Aperam;Basic Resources;APAM.VI;Belgium
arGEN-X;Health Care;ARGX.VI;Belgium
Barco;Industrial Goods & Services;BAR.BR;Belgium
Cofinimmo;Real Estate;COFB.VI;Belgium
Colruyt;Retail;COLR.VI;Belgium
Galapagos;Health Care;GLPG.VI;Belgium
GBL;Financial Services;GBLB.VI;Belgium
ING Group;Banks;INGA.VI;Belgium
KBC;Banks;KBC.VI;Belgium
Proximus;Telecommunications;PROX.VI;Belgium
Sofina;Financial Services;SOF.VI;Belgium
Solvay;Chemicals;SOLB.VI;Belgium
Telenet Group;Media;TNET.VI;Belgium
UCB;Health Care;UCB.VI;Belgium
Umicore;Chemicals;UMI.VI;Belgium
WDP;Real Estate;WDP.BR;Belgium
Banco Bradesco;Banking;BBD;Brazil
Banco do Brasil;Banking;BBAS3.SA;Brazil
B3;Stock Exchange;B3SA3.SA;Brazil
BRF S.A.;Food processing;BRFS3.SA;Brazil
CCR S.A.;Transportation;CCRO3.SA;Brazil
Cielo S.A.;Financial services;CIEL3.SA;Brazil
Companhia Energetica de Minas Gerais (CEMIG);Energy;CIG;Brazil
Companhia Siderúrgica Nacional;Steel;SID;Brazil
Companhia de Bebidas das Americas (AmBev);Beverages;ABEV3.SA;Brazil
CPFL Energia;Energy;CPFE3.SA;Brazil
Empresa Brasileira de Aeronáutica (Embraer);Aerospace/Defense;ERJ;Brazil
Gerdau;Steel;GGB;Brazil
Itaú Unibanco;Banking;ITUB4.SA;Brazil
Itaúsa Investimentos Itau;Banking;ITSA4.SA;Brazil
Petrobras;Oil;PBR;Brazil
Ultrapar Participacoes S.A.;Energy;UGPA3.SA;Brazil
Vale;Mining;VALE;Brazil
4iG;Telecommunications;4IG.BD;Hungary
AKKO Invest;Industrial Services;AKKO.BD;Hungary
ANY Security Printing;Diversified Industrials;ANY.BD;Hungary
Appeninn Asset Management;Real Estate;APPENINN.BD;Hungary
AutoWallis;Automobiles & Parts;AUTOWALLIS.BD;Hungary
CIG Pannonia Life Insurance;Insurance;CIG.BD;Hungary
Graphisoft Park;Real Estate;GSPARK.BD;Hungary
Magyar Telekom;Telecommunications;MTEL.BD;Hungary
MOL Group;Oil & Gas;MOL.BD;Hungary
Opus;Industrial Services;OPUS.BD;Hungary
OTP Bank;Banks;OTP.BD;Hungary
PannErgy;Industrial Services;PERGY.BD;Hungary
Waberer's International;Industrial Transportation;WABERERS.BD;Hungary
Agnico Eagle Mines Limited;Basic Materials;AEM.TO;Canada
Algonquin Power & Utilities Corp.;Utilities;AQN.TO;Canada
Alimentation Couche-Tard Inc.;Consumer Staples;ATD-B.TO;Canada
BCE Inc.;Communication Services;BCE.TO;Canada
Bank of Montreal;Financial Services;BMO.TO;Canada
Bank of Nova Scotia;Financial Services;BNS.TO;Canada
Barrick Gold Corporation;Basic Materials;ABX.TO;Canada
Bausch Health Companies Inc.;Healthcare;BHC.TO;Canada
Brookfield Asset Management Inc.;Financial Services;BAM-A.TO;Canada
Brookfield Infrastructure Partners L.P.;Utilities;BIP-UN.TO;Canada
Brookfield Property Partners L.P.;Real Estate;BPY-UN.TO;Canada
CCL Industries Inc.;Consumer Cyclical;CCL-B.TO;Canada
CGI Inc.;Information Technology;GIB-A.TO;Canada
Cameco Corporation;Energy;CCO.TO;Canada
Canadian Apartment Properties Real Estate Investment Trust;Real Estate;CAR-UN.TO;Canada
Canadian Imperial Bank of Commerce;Financial Services;CM.TO;Canada
Canadian National Railway Company;Industrials;CNR.TO;Canada
Canadian Natural Resources Limited;Energy;CNQ.TO;Canada
Canadian Pacific Railway Limited;Industrials;CP.TO;Canada
Canadian Tire Corporation Limited;Consumer Cyclical;CTC-A.TO;Canada
Canopy Growth Corporation;Healthcare;WEED.TO;Canada
Cenovus Energy Inc.;Energy;CVE.TO;Canada
Constellation Software Inc.;Information Technology;CSU.TO;Canada
Dollarama Inc.;Consumer Staples;DOL.TO;Canada
Emera Incorporated;Utilities;EMA.TO;Canada
Enbridge Inc.;Energy;ENB.TO;Canada
First Quantum Minerals Ltd.;Basic Materials;FM.TO;Canada
Fortis Inc.;Utilities;FTS.TO;Canada
Franco-Nevada Corporation;Basic Materials;FNV.TO;Canada
George Weston Limited;Consumer Staples;WN.TO;Canada
Gildan Activewear Inc.;Consumer Cyclical;GIL.TO;Canada
Imperial Oil Limited;Energy;IMO.TO;Canada
Inter Pipeline Ltd.;Energy;IPL.TO;Canada
Kinross Gold Corporation;Basic Materials;K.TO;Canada
Kirkland Lake Gold Ltd.;Basic Materials;KL.TO;Canada
Loblaw Companies Limited;Consumer Staples;L.TO;Canada
Magna International Inc.;Consumer Cyclical;MG.TO;Canada
Manulife Financial Corporation;Financial Services;MFC.TO;Canada
Metro Inc.;Consumer Staples;MRU.TO;Canada
National Bank of Canada;Financial Services;NA.TO;Canada
Nutrien Ltd.;Basic Materials;NTR.TO;Canada
Open Text Corporation;Information Technology;OTEX.TO;Canada
Pembina Pipeline Corporation;Energy;PPL.TO;Canada
Power Corporation of Canada;Financial Services;POW.TO;Canada
Restaurant Brands International Inc.;Consumer Cyclical;QSR.TO;Canada
Rogers Communications Inc.;Communication Services;RCI-B.TO;Canada
Royal Bank of Canada;Financial Services;RY.TO;Canada
SNC-Lavalin Group Inc.;Industrials;SNC.TO;Canada
Saputo Inc.;Consumer Staples;SAP.TO;Canada
Shaw Communications Inc.;Communication Services;SJR-B.TO;Canada
Shopify Inc.;Information Technology;SHOP.TO;Canada
Sun Life Financial Inc.;Financial Services;SLF.TO;Canada
Suncor Energy Inc.;Energy;SU.TO;Canada
TC Energy Corporation;Energy;TRP.TO;Canada
Teck Resources Limited;Basic Materials;TECK-B.TO;Canada
Telus Corporation;Communication Services;T.TO;Canada
Thomson Reuters Corporation;Industrials;TRI.TO;Canada
Toronto-Dominion Bank;Financial Services;TD.TO;Canada
Waste Connections Inc.;Industrials;WCN.TO;Canada
Wheaton Precious Metals Corp.;Basic Materials;WPM.TO;Canada
AESGener;Electricity;AESGENER.SN;Chile
Aguas Andinas;Water & Sanitation;AGUAS-A.SN;Chile
Embotelladora Andina;Beverages;ANDINA-B.SN;Chile
Banco de Crédito e Inversiones;Banks;BCI.SN;Chile
Banco Santander Santiago;Banks;BSANTANDER.SN;Chile
Compañía de Acero del Pacífico;Mining;CAP.SN;Chile
Compañía Cervecerías Unidas;Beverages;CCU.SN;Chile
Cencosud;Retailers;CENCOSUD.SN;Chile
Banco de Chile;Banks;CHILE.SN;Chile
Empresas CMPC;Wood Pulp;CMPC.SN;Chile
Colbun;Electricity;COLBUN.SN;Chile
Viña Concha y Toro;Wines;CONCHATORO.SN;Chile
Empresas Copec;Conglomerate;COPEC.SN;Chile
E-CL;Electricity;ECL.SN;Chile
Empresa Nacional de Electricidad;Electricity;ENELCHILE.SN;Chile
Enel Chile;Electricity;ENIC;Chile
Entel Chile;Telecoms;ENTEL.SN;Chile
S.A.C.I. Falabella;Retailers;FALABELLA.SN;Chile
Inversiones Aguas Metropolitanas;Water & Sanitation;IAM.SN;Chile
ILC Inversiones;Conglomerate;ILC.SN;Chile
Latam Airlines Group;Airline;LTM.SN;Chile
Parque Arauco S.A.;Shopping Mall Developer;PARAUCO.SN;Chile
Ripley;Retailers;RIPLEY.SN;Chile
Salfacorp;Real Estate Developer;SALFACORP.SN;Chile
Grupo Security;Banks;SECURITY.SN;Chile
Sonda;Software;SONDA.SN;Chile
Sociedad Química y Minera de Chile;Chemicals;SQM-B.SN;Chile
Compañía Sudamericana de Vapores;Shipping;VAPORES.SN;Chile
Bancolombia;Banking;CIB;Colombia
Ecopetrol;Oil;EC;Colombia
Ambu;Healthcare;AMBU-B.CO;Denmark
A.P. Møller-Mærsk (class A);Marine;MAERSK-A.CO;Denmark
A.P. Møller-Mærsk (class B);Marine;MAERSK-B.CO;Denmark
Carlsberg Group;Brewers;CARL-B.CO;Denmark
Chr. Hansen;Specialty chemicals;CHR.CO;Denmark
Coloplast;Health care supplies;COLO-B.CO;Denmark
Danske Bank;Diversified banks;DANSKE.CO;Denmark
Demant;Health care equipment;DEMANT.CO;Denmark
DSV;Trucking;DSV.CO;Denmark
FLSmidth & Co.;Construction and engineering;FLS.CO;Denmark
Genmab;Biotechnology;GMAB.CO;Denmark
GN Store Nord;Health care equipment;GN.CO;Denmark
ISS;Facilities management services;ISS.CO;Denmark
Jyske Bank A/S;Diversified banks;JYSK.CO;Denmark
Lundbeck;Pharmaceuticals;LUN.CO;Denmark
Novo Nordisk;Pharmaceuticals;NOVO-B.CO;Denmark
Novozymes;Specialty chemicals;NZYM-B.CO;Denmark
Ørsted;Electricity generation;ORSTED.CO;Denmark
Pandora A/S;Apparel, accessories and luxury goods;PNDORA.CO;Denmark
Rockwool International;Construction and materials;ROCK-B.CO;Denmark
Royal Unibrew;Brewers;RBREW.CO;Denmark
SimCorp;Technology;SIM.CO;Denmark
Topdanmark;Insurance;TOP.CO;Denmark
Tryg;Insurance;TRYG.CO;Denmark
Vestas Wind Systems;Heavy electrical equipment;VWS.CO;Denmark
Komercní banka, a.s.;Banks;KMERF;Czech Republic
Avast Plc;Technology;AVST.PR;Czech Republic
CEZ, a. s.;Utilities;CEZ.PR;Czech Republic
MONETA Money Bank, a.s.;Banks;MONET.PR;Czech Republic
Erste Group Bank AG;Banks;ERBAG.PR;Czech Republic
O2 Czech Republic a.s.;Telecommunication;TELEC.PR;Czech Republic
Acciona;Construction;ANA.MC;Spain
Acerinox;Steel;ACX.MC;Spain
ACS Group;Construction;ACS.MC;Spain
Aena;Airports;AENA.MC;Spain
Amadeus IT Group;Tourism;AMS.MC;Spain
ArcelorMittal;Steel;MTS.MC;Spain
Banco Sabadell;Financial Services;SAB.MC;Spain
Banco Santander;Financial Services;SAN.MC;Spain
Bankia;Financial Services;BKIA.MC;Spain
Bankinter;Financial Services;BKT.MC;Spain
BBVA;Financial Services;BBVA.MC;Spain
CaixaBank;Financial Services;CABK.MC;Spain
Cellnex Telecom;Telecommunications;CLNX.MC;Spain
CIE Automotive;Automotive;CIE.MC;Spain
Enagás;Natural Gas;ENG.MC;Spain
ENCE;Cellulose;ENC.MC;Spain
Endesa;Electricity;ELE.MC;Spain
Ferrovial;Infrastructures Management;FER.MC;Spain
Grifols;Pharmaceuticals;GRF.MC;Spain
IAG;Aviation;IAG.MC;Spain
Iberdrola;Electricity;IBE.MC;Spain
Inditex;Clothing;ITX.MC;Spain
Indra;IT Services;IDR.MC;Spain
Inmobiliaria Colonial;Real Estate;COL.MC;Spain
Mapfre;Insurance;MAP.MC;Spain
Mediaset España;Mass Media;TL5.MC;Spain
Meliá Hotels;Tourism;MEL.MC;Spain
Merlin Properties;Real Estate;MRL.MC;Spain
Naturgy;Natural Gas;NTGY.MC;Spain
Red Eléctrica de España;Electricity;REE.MC;Spain
Repsol;Oil and Gas;REP.MC;Spain
Siemens Gamesa;Wind Power;SGRE.MC;Spain
Técnicas Reunidas;Engineering;TRE.MC;Spain
Telefónica;Telecommunications;TEF.MC;Spain
Viscofan;Meat Casings;VIS.MC;Spain
AS Trigon Property Development;Real State;TPD1T.TL;Estonia
AS Ekspress Grupp;Communication Services;EEG1T.TL;Estonia
Arco Vara AS;Real Estate;ARC1T.TL;Estonia
AS Pro Kapital Grupp;Real Estate;PKG1T.TL;Estonia
AS Tallinna Vesi;Utilities;TVEAT.TL;Estonia
AS Tallink Grupp;Industrials;TAL1T.TL;Estonia
AS Silvano Fashion Group;Consumer Cyclical;SFG1T.TL;Estonia
AS PRFoods;Consumer Defensive;PRF1T.TL;Estonia
Tallinna Kaubamaja Grupp AS;Consumer Cyclical;TKM1T.TL;Estonia
AS Baltika;Consumer Cyclical;BLT1T.TL;Estonia
Skano Group AS;Consumer Cyclical;SKN1T.TL;Estonia
AS Merko Ehitus;Industrials;MRK1T.TL;Estonia
Nordecon AS;Industrials;NCN1T.TL;Estonia
AS Harju Elekter;Industrials;HAE1T.TL;Estonia
Cargotec;industrial machinery;CGCBV.HE;Finland
Elisa;integrated telecommunication services;ELISA.HE;Finland
Fortum;electric utilities;FORTUM.HE;Finland
Huhtamäki;industrial Goods & Services;HUH1V.HE;Finland
Kemira;diversified chemicals;KEMIRA.HE;Finland
Kesko;food retail;KESKOB.HE;Finland
Kojamo;real estate investor;KOJAMO.HE;Finland
Kone;industrial machinery;KNEBV.HE;Finland
Konecranes;industrial machinery;KCR.HE;Finland
Metso Outotec;industrial machinery;MOCORP.HE;Finland
Metsä Board;paper and packaging;METSB.HE;Finland
Neles;process industries;NELES.HE;Finland
Neste;oil and gas refining and marketing;NESTE.HE;Finland
Nokia;communications equipment;NOKIA.HE;Finland
Nokian Tyres;tyres and rubber;TYRES.HE;Finland
Nordea AB;diversified banks;NDA-FI.HE;Finland
Orion Corporation;pharmaceuticals;ORNBV.HE;Finland
Outokumpu;steel;OUT1V.HE;Finland
Sampo;multi-line insurance;SAMPO.HE;Finland
Stora Enso;paper products;STERV.HE;Finland
Telia Company;integrated telecommunication services;TELIA1.HE;Finland
TietoEVRY;IT services;TIETO.HE;Finland
UPM;paper products;UPM.HE;Finland
Valmet;industrial Goods & Services;VALMT.HE;Finland
Wärtsilä;industrial machinery;WRTBF;Finland
Accor;Consumer Cyclical;AC.PA;France
Air Liquide;Basic Materials;AI.PA;France
Airbus;Industrials;AIR.PA;France
Atos;Technology;ATO.PA;France
AXA;Financial Services;CS.PA;France
BNP Paribas;Financial Services;BNP.PA;France
Bouygues;Industrials;EN.PA;France
Capgemini;Technology;CAP.PA;France
Carrefour;Consumer Defensive;CA.PA;France
Crédit Agricole;Financial Services;ACA.PA;France
Danone;Consumer Defensive;BN.PA;France
Dassault Systèmes;Technology;DSY.PA;France
Engie;Utilities;ENGI.PA;France
Essilor;Healthcare;EL.PA;France
Hermès;Consumer Cyclical;RMS.PA;France
Kering;Consumer Cyclical;KER.PA;France
L'Oréal;Consumer Defensive;OR.PA;France
Legrand;Industrials;LR.PA;France
LVMH;Consumer Cyclical;MC.PA;France
Michelin;Industrials;ML.PA;France
Orange;Communication Services;ORA.PA;France
Pernod Ricard;Consumer Defensive;RI.PA;France
PSA;Consumer Cyclical;UG.PA;France
Publicis;Communication Services;PUB.PA;France
Renault;Consumer Cyclical;RNO.PA;France
Safran;Industrials;SAF.PA;France
Saint-Gobain;Industrials;SGO.PA;France
Sanofi;Healthcare;SAN.PA;France
Schneider Electric;Industrials;SU.PA;France
Société Générale;Financial Services;GLE.PA;France
Sodexo;Industrials;SW.PA;France
STMicroelectronics;Technology;STM.PA;France
Thales;Industrials;HO.PA;France
Total;Energy;FP.PA;France
Veolia;Industrials;VIE.PA;France
Vinci;Industrials;DG.PA;France
Vivendi;Communication Services;VIV.PA;France
Worldline;Technology;WLN.PA;France
Adidas;Consumer Cyclical;ADS.DE;Germany
Allianz;Financial Services;ALV.DE;Germany
BASF;Basic Materials;BAS.DE;Germany
Bayer;Healthcare;BAYN.DE;Germany
Beiersdorf;Consumer Defensive;BEI.DE;Germany
BMW;Consumer Cyclical;BMW.DE;Germany
Continental;Consumer Cyclical;CON.DE;Germany
Covestro;Basic Materials;1COV.DE;Germany
Daimler;Consumer Cyclical;DAI.DE;Germany
Delivery Hero;Food & Beverage;DHER.DE;Germany
Deutsche Bank;Financial Services;DBK.DE;Germany
Deutsche Börse;Financial Services;DB1.DE;Germany
Deutsche Post;Industrials;DPW.DE;Germany
Deutsche Telekom;Communication Services;DTE.DE;Germany
Deutsche Wohnen;Real Estate;DWNI.DE;Germany
E.ON;Utilities;EOAN.DE;Germany
Fresenius;Healthcare;FRE.DE;Germany
Fresenius Medical Care;Healthcare;FME.DE;Germany
HeidelbergCement;Basic Materials;HEI.DE;Germany
Henkel;Consumer Defensive;HEN3.DE;Germany
Infineon Technologies;Technology;IFX.DE;Germany
Linde;Basic Materials;LIN.DE;Germany
Merck;Healthcare;MRK.DE;Germany
MTU Aero Engines;Industrials;MTX.DE;Germany
Munich Re;Financial Services;MUV2.DE;Germany
RWE;Utilities;RWE.DE;Germany
SAP;Technology;SAP.DE;Germany
Siemens;Industrials;SIE.DE;Germany
Volkswagen Group;Consumer Cyclical;VOW3.DE;Germany
Vonovia;Real estate;VNA.DE;Germany
Eik Fasteignafélag;real estate;EIK.IC;Iceland
Festi hf.;retail;FESTI.IC;Iceland
Hagar hf.;retail;HAGA.IC;Iceland
Icelandair Group;travel & Leisure;ICEAIR.IC;Iceland
Marel hf.;industrial goods & services;MAREL.IC;Iceland
Reginn hf;real estate;REGINN.IC;Iceland
Reitir Fasteignafélag;real estate;REITIR.IC;Iceland
Síminn;telecommunications;SIMINN.IC;Iceland
PT Kedawung Setia Industrial Tbk;Packaging & Containers;KDSI.JK;Indonesia
PT Bank MNC Internasional Tbk;Financial Services;BABP.JK;Indonesia
PT Red Planet Indonesia Tbk;Lodging;PSKT.JK;Indonesia
P.T. Bank Pan Indonesia Tbk;Financial Services;PNBN.JK;Indonesia
PT Fortune Mate Indonesia Tbk;Real Estate;FMII.JK;Indonesia
PT Lippo General Insurance Tbk;Insurance;LPGI.JK;Indonesia
Adani Ports;Infrastructure;ADANIPORTS.NS;India
Asian Paints;Consumer Goods;ASIANPAINT.NS;India
Axis Bank;Banking;AXISBANK.NS;India
Bajaj Auto;Automobile;BAJAJ-AUTO.NS;India
Bajaj Finance;Financial Services;BAJFINANCE.NS;India
Bajaj Finserv;Financial Services;BAJAJFINSV.NS;India
Bharti Airtel;Telecommunication;BHARTIARTL.NS;India
Bharat Petroleum;Energy - Oil & Gas;BPCL.NS;India
Britannia Industries;Consumer Goods;BRITANNIA.NS;India
Cipla;Pharmaceuticals;CIPLA.NS;India
Coal India;Energy & Mining;COALINDIA.NS;India
Divi's Laboratories;Pharmaceuticals;DIVISLAB.NS;India
Dr. Reddy's Laboratories;Pharmaceuticals;DRREDDY.NS;India
Eicher Motors;Automobile;EICHERMOT.NS;India
GAIL;Energy - Oil & Gas;GAIL.NS;India
Grasim Industries;Cement;GRASIM.NS;India
HCL Technologies;Information Technology;HCLTECH.NS;India
HDFC;Financial Services;HDFC.NS;India
HDFC Bank;Banking;HDFCBANK.NS;India
HDFC Life;Insurance;HDFCLIFE.NS;India
Hero MotoCorp;Automobile;HEROMOTOCO.NS;India
Hindalco Industries;Metals;HINDALCO.NS;India
Hindustan Unilever;Consumer Goods;HINDUNILVR.NS;India
ICICI Bank;Banking;ICICIBANK.NS;India
IndusInd Bank;Banking;INDUSINDBK.NS;India
Infosys;Information Technology;INFY.NS;India
Indian Oil Corporation;Energy - Oil & Gas;IOC.NS;India
ITC Limited;Consumer Goods;ITC.NS;India
JSW Steel;Metals;JSWSTEEL.NS;India
Kotak Mahindra Bank;Banking;KOTAKBANK.NS;India
Larsen & Toubro;Construction;LT.NS;India
Mahindra & Mahindra;Automobile;M&M.NS;India
Maruti Suzuki;Automobile;MARUTI.NS;India
Nestlé India;Consumer Goods;NESTLEIND.NS;India
NTPC;Energy - Power;NTPC.NS;India
Oil and Natural Gas Corporation;Energy - Oil & Gas;ONGC.NS;India
Power Grid Corporation of India;Energy - Power;POWERGRID.NS;India
Reliance Industries;Energy - Oil & Gas;RELIANCE.NS;India
State Bank of India;Banking;SBIN.NS;India
SBI Life Insurance Company;Insurance;SBILIFE.NS;India
Shree Cements;Cement;SHREECEM.NS;India
Sun Pharmaceutical;Pharmaceuticals;SUNPHARMA.NS;India
Tata Motors;Automobile;TATAMOTORS.NS;India
Tata Steel;Metals;TATASTEEL.NS;India
Tata Consultancy Services;Information Technology;TCS.NS;India
Tech Mahindra;Information Technology;TECHM.NS;India
Titan Company;Consumer Goods;TITAN.NS;India
UltraTech Cement;Cement;ULTRACEMCO.NS;India
United Phosphorus Limited;Chemicals;UPL.NS;India
Wipro;Information Technology;WIPRO.NS;India
AIB Group;Finances;A5G.IR;Ireland
Applegreen;Retail;APGN.IR;Ireland
Aryzta;Packaged Foods;YZA.IR;Ireland
Bank of Ireland;Finances;BIRG.IR;Ireland
Cairn Homes;Residential Construction;C5H.IR;Ireland
CRH;Building Materials;CRG.IR;Ireland
Dalata Hotel Group;Lodging;DHG.IR;Ireland
Flutter Entertainment;Gambling;FLTR.IR;Ireland
Glanbia;Packaged Foods;GL9.IR;Ireland
Glenveagh Properties;Residential Construction;GVR.IR;Ireland
Greencoat Renewables;Renewable energy sectors;GRP.IR;Ireland
Hibernia REIT;Real Estate;HBRN.IR;Ireland
Irish Continental Group;Industrials;IR5B.IR;Ireland
Irish Residential Properties REIT;Real Estate;IRES.IR;Ireland
Kerry Group;Packaged Foods;KRZ.IR;Ireland
Kingspan Group;Industrials;KRX.IR;Ireland
Origin Enterprises;Farm Products;OIZ.IR;Ireland
Ryanair Holdings;Airlines;RY4C.IR;Ireland
Smurfit Kappa;Packaging & Containers;SK3.IR;Ireland
Total Produce;Farm Products;T7O.IR;Ireland
Airport City Ltd;Real Estate;ARPT.TA;Israel
Alony Hetz;Real Estate;ALHE.TA;Israel
Amot Investments;Real Estate;AMOT.TA;Israel
Azrieli Group;Real Estate;AZRG.TA;Israel
BAZAN Group;Oil & Gas;ORL.TA;Israel
Bezeq;Telecommunications;BEZQ.TA;Israel
Delek Drilling;Oil & Gas;DEDR-L.TA;Israel
Delek Group;Retail;DLEKG.TA;Israel
Israel Discount Bank;Financial;DSCT.TA;Israel
Elbit Systems;Telecommunications;ESLT.TA;Israel
Energean Oil & Gas;Oil & Gas;ENOG.TA;Israel
Fattal 1998 Holdings;Lodging;FTAL.TA;Israel
First International Bank of Israel;Financial;FIBI.TA;Israel
Gazit-Globe;Real Estate;GZT.TA;Israel
Harel Insurance;Insurance;HARL.TA;Israel
ICL Israel Chemicals;Chemicals;ICL.TA;Israel
International Flavors & Fragrances;Food Processing;IFF.TA;Israel
Israel Corporation;Oil & Gas;ILCO.TA;Israel
Isramco;Oil & Gas;ISRA-L.TA;Israel
Bank Leumi;Financial;LUMI.TA;Israel
LivePerson;Technology;LPSN.TA;Israel
Melisron;Real Estate;MLSR.TA;Israel
Mizrahi-Tefahot Bank;Financial;MZTF.TA;Israel
NICE Ltd.;Technology;NICE.TA;Israel
OPKO Health;Healthcare;OPK.TA;Israel
Ormat Technologies;Utilities;ORA.TA;Israel
Paz Oil Company;Oil & Gas;PZOL.TA;Israel
Perrigo;Healthcare;PRGO.TA;Israel
Phoenix Holdings Ltd.;Insurance;PHOE.TA;Israel
Bank Hapoalim;Financial;POLI.TA;Israel
Shapir Engineering Industry;Construction;SPEN.TA;Israel
Shufersal;Retail;SAE.TA;Israel
Strauss Group;Food Processing;STRS.TA;Israel
Teva Pharmaceutical Industries;Healthcare;TEVA.TA;Israel
Tower Semiconductor;Technology;TSEM.TA;Israel
A2A;Electricity;A2A.MI;Italy
Amplifon;Healthcare;AMP.MI;Italy
Atlantia;Transportation;ATL.MI;Italy
Azimut;Finances;AZM.MI;Italy
Banca Generali;Finances;BGN.MI;Italy
Banco BPM;Banks;BAMI.MI;Italy
BPER Banca;Banks;BPE.MI;Italy
Brembo;Automobiles;BRE.MI;Italy
Buzzi Unicem;Construction materials;BZU.MI;Italy
Campari;Beverages;CPR.MI;Italy
CNH Industrial;Industrial Goods;CNHI.MI;Italy
Diasorin;Healthcare;DIA.MI;Italy
Enel;Electricity;ENEL.MI;Italy
Eni;Oil and Gas;ENI.MI;Italy
Exor;Finances;EXO.MI;Italy
Ferrari;Automobiles;RACE.MI;Italy
Fiat Chrysler Automobiles;Automobiles;FCA.MI;Italy
FinecoBank;Banks;FBK.MI;Italy
Generali;Nonlife Insurance;G.MI;Italy
Intesa Sanpaolo;Banks;ISP.MI;Italy
Italgas;Utilities;IG.MI;Italy
Juventus Football Club;Sports;JUVE.MI;Italy
Leonardo;Aerospace and defense;LDO.MI;Italy
Mediobanca;Banks;MB.MI;Italy
Moncler;Personal Goods;MONC.MI;Italy
Pirelli;Automobiles;PIRC.MI;Italy
Poste italiane;Nonlife Insurance;PST.MI;Italy
Prysmian;Electronic and electrical equipment;PRY.MI;Italy
Recordati;Pharmaceutic;REC.MI;Italy
Saipem;Oil and Gas;SPM.MI;Italy
Salvatore Ferragamo;Personal Goods;SFER.MI;Italy
Snam;Gas water and multiutilities;SRG.MI;Italy
STMicroelectronics;Technology;STM.MI;Italy
Telecom Italia;Telecommunications;TIT.MI;Italy
Tenaris;Industrial Goods;TEN.MI;Italy
Terna;Electricity;TRN.MI;Italy
UBI Banca;Banks;UBI.MI;Italy
UniCredit;Banks;UCG.MI;Italy
Unipol;Nonlife Insurance;UNI.MI;Italy
UnipolSai;Nonlife Insurance;US.MI;Italy
ADVANTEST CORP;Electric Appliances;6857.T;Japan
AEON LTD;Retail Trade;8267.T;Japan
AGC INC;Glass & Ceramics Products;5201.T;Japan
AJINOMOTO INC;Foods;2802.T;Japan
ALPS ALPINE LTD;Electric Appliances;6770.T;Japan
AMADA HOLDINGS LTD;Machinery;6113.T;Japan
ANA HOLDINGS INC;Air Transportation;9202.T;Japan
AOZORA BANK LTD;Banks;8304.T;Japan
ASAHI GROUP HOLDINGS LTD;Foods;2502.T;Japan
ASAHI KASEI CORP;Chemicals;3407.T;Japan
ASTELLAS PHARMA INC;Pharmaceutical;4503.T;Japan
BANDAI NAMCO HOLDINGS INC;Other Products;7832.T;Japan
BRIDGESTONE CORP;Rubber Products;5108.T;Japan
CANON INC;Electric Appliances;7751.T;Japan
CASIO COMPUTER LTD;Electric Appliances;6952.T;Japan
CENTRAL JAPAN RAILWAY;Land Transportation;9022.T;Japan
CHIBA BANK LTD;Banks;8331.T;Japan
CHUBU ELECTRIC POWER INC;Electric Power & Gas;9502.T;Japan
CHUGAI PHARMACEUTICAL LTD;Pharmaceutical;4519.T;Japan
CITIZEN WATCH LTD;Precision Instruments;7762.T;Japan
COMSYS HOLDINGS CORP;Construction;1721.T;Japan
CONCORDIA FINANCIAL GROUP LTD;Banks;7186.T;Japan
CREDIT SAISON LTD;Other Financing Business;8253.T;Japan
CYBER AGENT INC;Services;4751.T;Japan
DAI NIPPON PRINTING LTD;Other Products;7912.T;Japan
DAI-ICHI LIFE HOLDINGS INC;Insurance;8750.T;Japan
DAIICHI SANKYO LTD;Pharmaceutical;4568.T;Japan
DAIKIN INDUSTRIES LTD;Machinery;6367.T;Japan
DAINIPPON SUMITOMO PHARMA LTD;Pharmaceutical;4506.T;Japan
DAIWA HOUSE INDUSTRY LTD;Construction;1925.T;Japan
DAIWA SECURITIES GROUP INC;Securities;8601.T;Japan
DENA LTD;Services;2432.T;Japan
DENKA CO LTD;Chemicals;4061.T;Japan
DENSO CORP;Transportation Equipment;6902.T;Japan
DENTSU GROUP INC;Services;4324.T;Japan
DIC CORP;Chemicals;4631.T;Japan
DOWA HOLDINGS LTD;Nonferrous Metal;5714.T;Japan
EAST JAPAN RAILWAY;Land Transportation;9020.T;Japan
EBARA CORP;Machinery;6361.T;Japan
EISAI LTD;Pharmaceutical;4523.T;Japan
FAMILYMART LTD;Retail Trade;8028.T;Japan
FANUC CORP;Electric Appliances;6954.T;Japan
FAST RETAILING LTD;Retail Trade;9983.T;Japan
FUJI ELECTRIC LTD;Electric Appliances;6504.T;Japan
FUJIFILM HOLDINGS CORP;Chemicals;4901.T;Japan
FUJIKURA LTD;Nonferrous Metal;5803.T;Japan
FUJITSU LTD;Electric Appliances;6702.T;Japan
FUKUOKA FINANCIAL GROUP INC;Banks;8354.T;Japan
FURUKAWA ELECTRIC LTD;Nonferrous Metal;5801.T;Japan
GS YUASA CORP;Electric Appliances;6674.T;Japan
HASEKO CORP;Construction;1808.T;Japan
HINO MOTORS LTD;Transportation Equipment;7205.T;Japan
HITACHI CONSTRUCTION MACHINERY LTD;Machinery;6305.T;Japan
HITACHI LTD;Electric Appliances;6501.T;Japan
HITACHI ZOSEN CORP;Machinery;7004.T;Japan
HONDA MOTOR LTD;Transportation Equipment;7267.T;Japan
IDEMITSU KOSAN LTD;Oil & Coal Products;5019.T;Japan
IHI CORP;Machinery;7013.T;Japan
INPEX CORP;Mining;1605.T;Japan
ISETAN MITSUKOSHI HOLDINGS LTD;Retail Trade;3099.T;Japan
ISUZU MOTORS LTD;Transportation Equipment;7202.T;Japan
ITOCHU CORP;Wholesale Trade;8001.T;Japan
J.FRONT RETAILING LTD;Retail Trade;3086.T;Japan
JAPAN POST HOLDINGS LTD;Services;6178.T;Japan
JAPAN STEEL WORKS LTD;Machinery;5631.T;Japan
JAPAN TOBACCO INC;Foods;2914.T;Japan
JFE HOLDINGS INC;Iron & Steel;5411.T;Japan
JGC HOLDINGS CORP;Construction;1963.T;Japan
JTEKT CORP;Machinery;6473.T;Japan
JXTG HOLDINGS INC;Oil & Coal Products;5020.T;Japan
KAJIMA CORP;Construction;1812.T;Japan
KANSAI ELECTRIC POWER INC;Electric Power & Gas;9503.T;Japan
KAO CORP;Chemicals;4452.T;Japan
KAWASAKI HEAVY INDUSTRIES LTD;Transportation Equipment;7012.T;Japan
KAWASAKI KISEN LTD;Marine Transportation;9107.T;Japan
KDDI CORP;Information & Communication;9433.T;Japan
KEIO CORP;Land Transportation;9008.T;Japan
KEISEI ELECTRIC RAILWAY LTD;Land Transportation;9009.T;Japan
KIKKOMAN CORP;Foods;2801.T;Japan
KIRIN HOLDINGS LTD;Foods;2503.T;Japan
KOBE STEEL LTD;Iron & Steel;5406.T;Japan
KOMATSU LTD;Machinery;6301.T;Japan
KONAMI HOLDINGS CORP;Information & Communication;9766.T;Japan
KONICA MINOLTA INC;Electric Appliances;4902.T;Japan
KUBOTA CORP;Machinery;6326.T;Japan
KURARAY LTD;Chemicals;3405.T;Japan
KYOCERA CORP;Electric Appliances;6971.T;Japan
KYOWA KIRIN LTD;Pharmaceutical;4151.T;Japan
M3 INC;Services;2413.T;Japan
MARUBENI CORP;Wholesale Trade;8002.T;Japan
MARUHA NICHIRO CORP;Fishery, Agriculture & Forestry;1333.T;Japan
MARUI GROUP LTD;Retail Trade;8252.T;Japan
MATSUI SECURITIES LTD;Securities;8628.T;Japan
MAZDA MOTOR CORP;Transportation Equipment;7261.T;Japan
MEIJI HOLDINGS LTD;Foods;2269.T;Japan
MINEBEA MITSUMI INC;Electric Appliances;6479.T;Japan
MITSUBISHI CHEMICAL CORP;Chemicals;4188.T;Japan
MITSUBISHI CORP;Wholesale Trade;8058.T;Japan
MITSUBISHI ELECTRIC CORP;Electric Appliances;6503.T;Japan
MITSUBISHI ESTATE CO LTD;Real Estate ex REIT;8802.T;Japan
MITSUBISHI HEAVY INDUSTRIES LTD;Machinery;7011.T;Japan
MITSUBISHI LOGISTICS CORP;Warehousing & Harbor Transportation Services;9301.T;Japan
MITSUBISHI MATERIALS CORP;Nonferrous Metal;5711.T;Japan
MITSUBISHI MOTORS CORP;Transportation Equipment;7211.T;Japan
MITSUBISHI UFJ FINANCIAL GROUP INC;Banks;8306.T;Japan
MITSUI CHEMICALS INC;Chemicals;4183.T;Japan
MITSUI E&S HOLDINGS LTD;Transportation Equipment;7003.T;Japan
MITSUI FUDOSAN LTD;Real Estate ex REIT;8801.T;Japan
MITSUI LTD;Wholesale Trade;8031.T;Japan
MITSUI MINING AND SMELTING LTD;Nonferrous Metal;5706.T;Japan
MITSUI OSK LINES LTD;Marine Transportation;9104.T;Japan
MIZUHO FINANCIAL GROUP INC;Banks;8411.T;Japan
MS&AD INSURANCE GROUP HOLDINGS INC;Insurance;8725.T;Japan
NEC CORP;Electric Appliances;6701.T;Japan
NGK INSULATORS LTD;Glass & Ceramics Products;5333.T;Japan
NH FOODS LTD;;2282.T;Japan
NICHIREI CORP;;2871.T;Japan
NIKON CORP;Precision Instruments;7731.T;Japan
NIPPON ELECTRIC GLASS LTD;Glass & Ceramics Products;5214.T;Japan
NIPPON EXPRESS LTD;Land Transportation;9062.T;Japan
NIPPON KAYAKU LTD;Chemicals;4272.T;Japan
NIPPON LIGHT METAL HOLDINGS LTD;Nonferrous Metal;5703.T;Japan
NIPPON PAPER INDUSTRIES LTD;Pulp & Paper;3863.T;Japan
NIPPON SHEET GLASS LTD;Glass & Ceramics Products;5202.T;Japan
NIPPON STEEL CORP;Iron & Steel;5401.T;Japan
NIPPON SUISAN LTD;Fishery, Agriculture & Forestry;1332.T;Japan
NIPPON TELEGRAPH AND TELEPHONE COR;Information & Communication;9432.T;Japan
NIPPON YUSEN;Marine Transportation;9101.T;Japan
NISSAN CHEMICAL CORP;Chemicals;4021.T;Japan
NISSAN MOTOR LTD;Transportation Equipment;7201.T;Japan
NISSHIN SEIFUN GROUP INC;Foods;2002.T;Japan
NISSHINBO HOLDINGS INC;Electric Appliances;3105.T;Japan
NITTO DENKO CORP;Chemicals;6988.T;Japan
NOMURA HOLDINGS INC;Securities;8604.T;Japan
NSK LTD;Machinery;6471.T;Japan
NTN CORP;Machinery;6472.T;Japan
NTT DATA CORP;Information & Communication;9613.T;Japan
NTT DOCOMO INC;Information & Communication;9437.T;Japan
OBAYASHI CORP;Construction;1802.T;Japan
ODAKYU ELECTRIC RAILWAY LTD;Land Transportation;9007.T;Japan
OJI HOLDINGS CORP;Pulp & Paper;3861.T;Japan
OKI ELECTRIC INDUSTRY LTD;Electric Appliances;6703.T;Japan
OKUMA CORP;Machinery;6103.T;Japan
OLYMPUS CORP;Precision Instruments;7733.T;Japan
OMRON CORP;Electric Appliances;6645.T;Japan
OSAKA GAS LTD;Electric Power & Gas;9532.T;Japan
OTSUKA HOLDINGS LTD;Pharmaceutical;4578.T;Japan
PACIFIC METALS LTD;Iron & Steel;5541.T;Japan
PANASONIC CORP;Electric Appliances;6752.T;Japan
RAKUTEN INC;Services;4755.T;Japan
RECRUIT HOLDINGS LTD;Services;6098.T;Japan
RESONA HOLDINGS INC;Banks;8308.T;Japan
RICOH LTD;Electric Appliances;7752.T;Japan
SAPPORO HOLDINGS LTD;Foods;2501.T;Japan
SCREEN HOLDINGS LTD;Electric Appliances;7735.T;Japan
SECOM LTD;Services;9735.T;Japan
SEIKO EPSON CORP;Electric Appliances;6724.T;Japan
SEKISUI HOUSE LTD;Construction;1928.T;Japan
SEVEN & I HOLDINGS LTD;Retail Trade;3382.T;Japan
SHIMIZU CORP;Construction;1803.T;Japan
SHIN ETSU CHEMICAL LTD;Chemicals;4063.T;Japan
SHINSEI BANK LTD;Banks;8303.T;Japan
SHIONOGI LTD;Pharmaceutical;4507.T;Japan
SHISEIDO LTD;Chemicals;4911.T;Japan
SHIZUOKA BANK LTD;Banks;8355.T;Japan
SHOWA DENKO;Chemicals;4004.T;Japan
SKY PERFECT JSAT HOLDINGS INC;Information & Communication;9412.T;Japan
SOFTBANK GROUP CORP;Information & Communication;9984.T;Japan
SOJITZ CORP;Wholesale Trade;2768.T;Japan
SOMPO HOLDINGS INC;Insurance;8630.T;Japan
SONY CORP;Electric Appliances;6758.T;Japan
SONY FINANCIAL HOLDINGS INC;Insurance;SNYFY;Japan
SUBARU CORP;Transportation Equipment;7270.T;Japan
SUMCO CORP;Metal Products;3436.T;Japan
SUMITOMO CHEMICAL LTD;Chemicals;4005.T;Japan
SUMITOMO CORP;Wholesale Trade;8053.T;Japan
SUMITOMO ELECTRIC INDUSTRIES LTD;Nonferrous Metal;5802.T;Japan
SUMITOMO HEAVY INDUSTRIES LTD;Machinery;6302.T;Japan
SUMITOMO METAL MINING LTD;Nonferrous Metal;5713.T;Japan
SUMITOMO MITSUI FINANCIAL GROUP IN;Banks;8316.T;Japan
SUMITOMO MITSUI TRUST HOLDINGS INC;Banks;8309.T;Japan
SUMITOMO OSAKA CEMENT LTD;Glass & Ceramics Products;5232.T;Japan
SUMITOMO REALTY & DEVELOPMENT LTD;Real Estate ex REIT;8830.T;Japan
SUZUKI MOTOR CORP;Transportation Equipment;7269.T;Japan
T&D HOLDINGS INC;Insurance;8795.T;Japan
TAIHEIYO CEMENT CORP;Glass & Ceramics Products;5233.T;Japan
TAISEI CORP;Construction;1801.T;Japan
TAIYO YUDEN LTD;Electric Appliances;6976.T;Japan
TAKARA HOLDINGS INC;Foods;2531.T;Japan
TAKASHIMAYA LTD;Retail Trade;8233.T;Japan
TAKEDA PHARMACEUTICAL LTD;Pharmaceutical;4502.T;Japan
TDK CORP;Electric Appliances;6762.T;Japan
TEIJIN LTD;Textiles & Apparel;3401.T;Japan
TERUMO CORP;Precision Instruments;4543.T;Japan
TOBU RAILWAY LTD;Land Transportation;9001.T;Japan
TOHO (TOKYO) LTD;Information & Communication;9602.T;Japan
TOHO ZINC LTD;Nonferrous Metal;5707.T;Japan
TOKAI CARBON LTD;Glass & Ceramics Products;5301.T;Japan
TOKIO MARINE HOLDINGS INC;Insurance;8766.T;Japan
TOKUYAMA CORP;Chemicals;4043.T;Japan
TOKYO ELECTRIC POWER HOLDINGS INC;Electric Power & Gas;9501.T;Japan
TOKYO ELECTRON LTD;Electric Appliances;8035.T;Japan
TOKYO GAS LTD;Electric Power & Gas;9531.T;Japan
TOKYO TATEMONO LTD;Real Estate ex REIT;8804.T;Japan
TOKYU CORP;Land Transportation;9005.T;Japan
TOKYU FUDOSAN HOLDINGS CORP;Real Estate ex REIT;3289.T;Japan
TOPPAN PRINTING LTD;Other Products;7911.T;Japan
TORAY INDUSTRIES INC;Textiles & Apparel;3402.T;Japan
TOSOH CORP;Chemicals;4042.T;Japan
TOTO LTD;Glass & Ceramics Products;5332.T;Japan
TOYO SEIKAN GROUP HOLDINGS LTD;Metal Products;5901.T;Japan
TOYOBO LTD;Textiles & Apparel;3101.T;Japan
TOYOTA MOTOR CORP;Transportation Equipment;7203.T;Japan
TOYOTA TSUSHO CORP;Wholesale Trade;8015.T;Japan
TREND MICRO INC;Information & Communication;4704.T;Japan
UBE INDUSTRIES LTD;Chemicals;4208.T;Japan
UNITIKA LTD;Textiles & Apparel;3103.T;Japan
WEST JAPAN RAILWAY;Land Transportation;9021.T;Japan
YAMAHA CORP;Other Products;7951.T;Japan
YAMAHA MOTOR LTD;Transportation Equipment;7272.T;Japan
YAMATO HOLDINGS LTD;Land Transportation;9064.T;Japan
YASKAWA ELECTRIC CORP;Electric Appliances;6506.T;Japan
YOKOGAWA ELECTRIC CORP;Electric Appliances;6841.T;Japan
YOKOHAMA RUBBER LTD;Rubber Products;5101.T;Japan
Z HOLDINGS CORP;Information & Communication;4689.T;Japan
JSE Limited;Financial Services;JSE.JO;South Africa
JSC Latvijas Gaze;Utilities;GZE1R.RG;Latvia
A/S Latvijas Juras medicinas centrs;Healthcare;LJM1R.RG;Latvia
AS Rigas Juvelierizstradajumu Rupnica;Consumer Cyclical;RJR1R.RG;Latvia
AS Grindeks;Healthcare;GRD1R.RG;Latvia
Joint stock company VEF;Real Estate;VEF1R.RG;Latvia
AS Pata Saldus;Basic Materials;SMA1R.RG;Latvia
A/S Kurzemes Atslega 1;Consumer Cyclical;KA11R.RG;Latvia
AS Siguldas Ciltslietu Un Maksligas Apseklosanas Stacija;Consumer Defensive;SCM1R.RG;Latvia
Latvijas Balzams AS;Consumer Defensive;BAL1R.RG;Latvia
AS Olainfarm;Healthcare;OLF1R.RG;Latvia
AS Valmieras stikla skiedra;Consumer Cyclical;VSS1R.RG;Latvia
AS Ditton Pievadkezu Rupnica;Consumer Cyclical;DPK1R.RG;Latvia
Rigas Kugu Buvetava AS;Industrials;RKB1R.RG;Latvia
AS Rigas Elektromasinbuves rupnica;Technology;RER1R.RG;Latvia
Baltic Telekom AS;Financial Services;BTE1R.RG;Latvia
AS VEF Radiotehnika RRR;Technology;RRR1R.RG;Latvia
AS Rigas autoelektroaparatu rupnica;Real Estate;RAR1R.RG;Latvia
A/S SAF Tehnika;Technology;SAF1R.RG;Latvia
Amber Grid;Energy;AMG1L.VS;Lithuania
Apranga;Retail;APG1L.VS;Lithuania
AUGA group;Farm Products;AUG1L.VS;Lithuania
Grigeo;Basic Materials;GRG1L.VS;Lithuania
Invalda INVL;Financial Services;IVL1L.VS;Lithuania
INVL Baltic Farmland;Real Estate;INL1L.VS;Lithuania
INVL Baltic Real Estate;Real Estate;INR1L.VS;Lithuania
INVL Technology;Financial Services;INC1L.VS;Lithuania
Kauno energija;Utilities;KNR1L.VS;Lithuania
Klaipėdos nafta;Energy;KNF1L.VS;Lithuania
LITGRID;Utilities;LGD1L.VS;Lithuania
Linas;Textile Manufacturing;LNS1L.VS;Lithuania
Linas Agro Group;Farm Products;LNA1L.VS;Lithuania
Novaturas;Travel Services;NTU1L.VS;Lithuania
Panevėžio statybos trestas;Industrials;PTR1L.VS;Lithuania
Pieno žvaigždės;Packaged Foods;PZV1L.VS;Lithuania
Rokiškio sūris;Packaged Foods;RSU1L.VS;Lithuania
Šiaulių bankas;Banks;SAB1L.VS;Lithuania
Snaigė;Technology;SNG1L.VS;Lithuania
Telia Lietuva;Telecommunication;TEL1L.VS;Lithuania
Utenos trikotažas;Manufacturing;UTR1L.VS;Lithuania
Vilkiškių pieninė;Packaged Foods;VLP1L.VS;Lithuania
Vilniaus baldai;Furnishings;VBL1L.VS;Lithuania
Aperam ne;Metals;APAM.AS;Luxembourg
Arcelor Mittal;Steel;MT;Luxembourg
Brederode;Investment;BREB.BR;Luxembourg
Reinet Investments;Investment;REINA.AS;Luxembourg
RTL Group;Media;RRTL.DE;Luxembourg
SES;Telecommunications;SESG.PA;Luxembourg
AirAsia Berhad;Airline;5099.KL;Malaysia
Astino Berhad;Industrial;7162.KL;Malaysia
Maxis Berhad;Telecommunications;6012.KL;Malaysia
Top Glove Corporation Berhad;Materials;TGLVY;Malaysia
Tenaga Nasional Berhad;Energy;TNABY;Malaysia
Evergreen Fibreboard Bhd;Materials;5101.KL;Malaysia
Malayan Banking Berhad;Bank;MLYBY;Malaysia
SapuraKencana Petroleum Berhad;Energy;5218.KL;Malaysia
Datasonic Group Berhad;Technology;5216.KL;Malaysia
Dayang Enterprise Holdings Berhad;Financial;5141.KL;Malaysia
Nationwide Express Courier Services Berhad;Industrial;9806.KL;Malaysia
EP Manufacturing Bhd;Industrial;EPMB.KL;Malaysia
TH Heavy Engineering Berhad;Technology;7206.KL;Malaysia
IGB Real Estate Investment Trust;Real Estate;5227.KL;Malaysia
Sunway Real Estate Investment Trust;Real Estate;5176.KL;Malaysia
FTSE Bursa Malaysia KLCI ETF;Financial;0820EA.KL;Malaysia
MY E.G. SERVICES BHD;Consumer Discretionary;0138.KL;Malaysia
FRONTKEN CORPORATION BHD;Industrial;0128.KL;Malaysia
Gamuda Bhd;Industrial;5398.KL;Malaysia
Genting Malaysia Berhad;Consumer discretionary;GMALF;Malaysia
Hibiscus Petroleum Berhad;Energy;5199.KL;Malaysia
WCT Holdings Berhad;Financial;9679.KL;Malaysia
Superlon Holdings Berhad;Financial;7235.KL;Malaysia
ALFA;Conglomerate;ALFAA.MX;Mexico
América Móvil;Telecommunications;AMXL.MX;Mexico
Cemex;Cement;CEMEXCPO.MX;Mexico
Grupo Elektra;Retail;ELEKTRA.MX;Mexico
Fomento Económico Mexicano (FEMSA);Beverages;FEMSAUBD.MX;Mexico
Grupo Financiero Banorte;Banking;GFNORTEO.MX;Mexico
Grupo Televisa;Media;TLEVISACPO.MX;Mexico
Wal-Mart de México;Retail;WALMEX.MX;Mexico
Aker;multi-sector holdings;AKER.OL;Norway
Aker BP;oil and gas exploration and production;AKERBP.OL;Norway
Bakkafrost;packaged foods and meats;BAKKA.OL;Norway
BW LPG;oil and gas storage and transportation;BWLPG.OL;Norway
BW Offshore;oil and gas equipment and services;BWO.OL;Norway
DNB;diversified banks;DNB.OL;Norway
DNO;oil and gas exploration and production;DNO.OL;Norway
Entra;real estate operating companies;ENTRA.OL;Norway
Equinor;integrated oil and gas;EQNR.OL;Norway
Frontline;oil and gas storage and transportation;FRO.OL;Norway
Gjensidige Forsikring;multi-line insurance;GJF.OL;Norway
Lerøy Seafood Group;packaged foods and meats;LSG.OL;Norway
Mowi;packaged foods and meats;MOWI.OL;Norway
NEL;heavy electrical equipement;NEL.OL;Norway
Norsk Hydro;aluminium;NHY.OL;Norway
Orkla;packaged foods and meats;ORK.OL;Norway
SalMar;packaged foods and meats;SALM.OL;Norway
Scatec Solar;renewable electricity;SSO.OL;Norway
Schibsted;publishing;SCHB.OL;Norway
Storebrand;life and health insurance;STB.OL;Norway
Subsea 7;oil and gas equipment and services;SUBC.OL;Norway
Telenor;integrated telecommunication services;TEL.OL;Norway
Tomra;environmental and facilities services;TOM.OL;Norway
TGS-NOPEC;oil and gas equipment and services;TGS.OL;Norway
Yara International;fertilizers and agricultural chemicals;YAR.OL;Norway
ABN AMRO;banks;ABN.AS;Netherlands
Adyen;support services, financial administration;ADYEN.AS;Netherlands
Aegon;life insurance;AGN.AS;Netherlands
Ahold Delhaize;food retailers & wholesalers;AD.AS;Netherlands
AkzoNobel;specialty chemicals;AKZA.AS;Netherlands
ArcelorMittal;iron & steel;MT.AS;Netherlands
ASM International;semiconductors;ASM.AS;Netherlands
ASML Holding;semiconductors;ASML.AS;Netherlands
ASR Nederland;full line insurance;ASRNL.AS;Netherlands
DSM;specialty chemicals;DSM.AS;Netherlands
Galapagos;biotechnology;GLPG.AS;Netherlands
Heineken;brewers;HEIA.AS;Netherlands
IMCD;specialty chemicals;IMCD.AS;Netherlands
ING Group;banks;INGA.AS;Netherlands
Just Eat Takeaway;specialized consumer services;TKWY.AS;Netherlands
KPN;fixed line telecommunications;KPN.AS;Netherlands
NN Group;life insurance;NN.AS;Netherlands
Philips;medical equipment;PHIA.AS;Netherlands
Prosus;Consumer Digital Services;PRX.AS;Netherlands
Randstad;business training & employment agencies;RAND.AS;Netherlands
RELX;publishing;REN.AS;Netherlands
Royal Dutch Shell;integrated oil & gas;RDSA.AS;Netherlands
Unibail-Rodamco-Westfield;retail REITs;URW.AS;Netherlands
Unilever;personal products;UNA.AS;Netherlands
Wolters Kluwer;publishing;WKL.AS;Netherlands
Auckland International Airport Limited;Airport Services;AIA.NZ;New Zealand
Air New Zealand Limited;Airlines;AIR.NZ;New Zealand
Australia and New Zealand Banking Group Limited;Diversified Banks;ANZ.NZ;New Zealand
Argosy Property Limited;Diversified REITs;ARG.NZ;New Zealand
Arvida Group Limited;Health Care Facilities;ARV.NZ;New Zealand
The a2 Milk Company Limited;Packaged Foods & Meats;ATM.NZ;New Zealand
Contact Energy Limited;Electric Utilities;CEN.NZ;New Zealand
Chorus Limited;Alternative Carriers;CNU.NZ;New Zealand
Ebos Group Limited;Health Care Distributors;EBO.NZ;New Zealand
Fletcher Building Limited;Construction Materials;FBU.NZ;New Zealand
Fisher & Paykel Healthcare Corporation Limited;Health Care Equipment;FPH.NZ;New Zealand
Freightways Limited;Air Freight & Logistics;FRE.NZ;New Zealand
Fonterra Shareholders' Fund;Packaged Foods & Meats;FSF.NZ;New Zealand
Goodman Property Trust;Diversified REITs;GMT.NZ;New Zealand
Genesis Energy Limited;Electric Utilities;GNE.NZ;New Zealand
Gentrack Group Limited;Application Software;GTK.NZ;New Zealand
Heartland Group Holdings Limited;Diversified Banks;HGH.NZ;New Zealand
Infratil Limited;Electric Utilities;IFT.NZ;New Zealand
Investore Property Limited;Retail REITs;IPL.NZ;New Zealand
Kathmandu Holdings Limited;Specialty Stores;KMD.NZ;New Zealand
Kiwi Property Group Limited;Retail REITs;KPG.NZ;New Zealand
Mercury NZ Limited;Electric Utilities;MCY.NZ;New Zealand
Meridian Energy Limited;Renewable Electricity;MEL.NZ;New Zealand
Metlifecare Limited;Health Care Facilities;MET.NZ;New Zealand
Mainfreight Limited;Air Freight & Logistics;MFT.NZ;New Zealand
The New Zealand Refining Company Limited;Energy Processing;NZR.NZ;New Zealand
NZX Limited;Financial Exchanges & Data;NZX.NZ;New Zealand
Oceania Healthcare Limited;Health Care Facilities;OCA.NZ;New Zealand
Precinct Properties New Zealand Limited;Office REITs;PCT.NZ;New Zealand
Property for Industry Limited;Industrial REITs;PFI.NZ;New Zealand
Port of Tauranga Limited;Marine Ports & Services;POT.NZ;New Zealand
Pushpay Holdings Limited;Application Software;PPH.NZ;New Zealand
Restaurant Brands New Zealand Limited;Restaurants;RBD.NZ;New Zealand
Ryman Healthcare Limited;Health Care Facilities;RYM.NZ;New Zealand
Sanford Limited;Packaged Foods & Meats;SAN.NZ;New Zealand
Scales Corporation Limited;Packaged Foods & Meats;SCL.NZ;New Zealand
SkyCity Entertainment Group Limited;Casinos & Gaming;SKC.NZ;New Zealand
Skellerup Holdings Limited;Industrial Machinery;SKL.NZ;New Zealand
Sky Network Television Limited;Cable & Satellite;SKT.NZ;New Zealand
Synlait Milk Limited;Packaged Foods & Meats;SML.NZ;New Zealand
Stride Property Ltd & Stride Investment Management Ltd;Diversified REITs;SPG.NZ;New Zealand
Spark New Zealand Limited;Integrated Telecommunication Services;SPK.NZ;New Zealand
Summerset Group Holdings Limited;Health Care Facilities;SUM.NZ;New Zealand
Tourism Holdings Limited;Trucking;THL.NZ;New Zealand
Trustpower Limited;Electric Utilities;TPW.NZ;New Zealand
Vector Limited;Multi-Utilities;VCT.NZ;New Zealand
Vista Group International Limited;Application Software;VGL.NZ;New Zealand
Vital Healthcare Property Trust;Health Care REITs;VHP.NZ;New Zealand
Westpac Banking Corporation;Diversified Banks;WBC.NZ;New Zealand
Z Energy Limited;Oil & Gas Refining & Marketing;ZEL.NZ;New Zealand
Compañía de Minas Buenaventura;Mining;BVN;Peru
Credicorp;Banking;BAP;Peru
Southern Copper Corp.;Mining;SCCO;Peru
Altri;Industrial Goods & Services;ALTR.LS;Portugal
Banco Comercial Português;Banks;BCP.LS;Portugal
Corticeira Amorim;Food & Beverage;COR.LS;Portugal
CTT Correios de Portugal;Industrial Goods & Services;CTT.LS;Portugal
EDP Renováveis;Utilities;EDPR.LS;Portugal
Energias de Portugal;Utilities;EDP.LS;Portugal
Galp Energia;Oil & Gas;GALP.LS;Portugal
Ibersol;Travel & Leisure;IBS.LS;Portugal
Jerónimo Martins;Retail;JMT.LS;Portugal
Mota-Engil;Construction & Materials;EGL.LS;Portugal
NOS;Media;NOS.LS;Portugal
Novabase;Technology;NBA.LS;Portugal
Pharol;Telecommunications;PHR.LS;Portugal
Redes Energéticas Nacionais;Utilities;RENE.LS;Portugal
Semapa;Basic Resources;SEM.LS;Portugal
Sonae;Retail;SON.LS;Portugal
Sonae Capital;Financial Services;SONC.LS;Portugal
The Navigator Company;Basic Resources;NVG.LS;Portugal
Gulf Warehousing Company Q.P.S.C.;Industrial;GWCS.QA;Qatar
Vodafone Qatar Q.S.C.;Communication Services;VFQS.QA;Qatar
Qatar Oman Investment Company Q.S.C.;Financial Services;QOIS.QA;Qatar
Qatar International Islamic Bank (Q.S.C);Financial Services;QIIK.QA;Qatar
Qatar Fuel Company Q.S.C.;Energy;QFLS.QA;Qatar
Mazaya Qatar Real Estate Development Q.S.C.;Real Estate;MRDS.QA;Qatar
Masraf Al Rayan (Q.P.S.C.);Financial Services;MARK.QA;Qatar
Industries Qatar Q.S.C.;Materials;IQCD.QA;Qatar
Ezdan Holding Group Q.S.C.;Real Estate;ERES.QA;Qatar
Doha Insurance Company Q.S.C.;Financial Services;DOHI.QA;Qatar
Barwa Real Estate Company;Real Estate;BRES.QA;Qatar
Qatar General Insurance & Reinsurance Company PJSC;Financial Services;QGRI.QA;Qatar
Al Meera Consumer Goods Company Q.S.C.;Consumer Cyclical;MERS.QA;Qatar
Qatar National Cement Company (Q.S.C.);Materials;QNCD.QA;Qatar
Dlala Brokerage and Investment Holding Company (Q.P.S.C);Financial Services;DBIS.QA;Qatar
Qatari German Company for Medical Devices Q.S.C.;Healthcare;QGMD.QA;Qatar
Qatar Insurance Company S.A.Q.;Financial Services;QATI.QA;Qatar
Al Khaleej Takaful Group (Q.P.S.C.);Financial Services;AKHI.QA;Qatar
Ahli Bank Q.S.C.;Financial Services;ABQK.QA;Qatar
Widam Food Company Q.S.C.;Consumer Defensive;WDAM.QA;Qatar
Qatari Investors Group Q.S.C.;Materials;QIGD.QA;Qatar
Aamal Company Q.P.S.C.;Industrials;AHCS.QA;Qatar
Gulf International Services Q.S.C.;Energy;GISS.QA;Qatar
Medicare Group Q.S.C.;Healthcare;MCGS.QA;Qatar
Qatar Industrial Manufacturing Company Q.P.S.C.;Industrials;QIMD.QA;Qatar
Qatar Gas Transport Company Limited (Nakilat) Q.S.C.;Industrials;QGTS.QA;Qatar
Doha Bank Q.S.C.;Financial Services;DHBK.QA;Qatar
Qatar Islamic Insurance Company Q.S.C;Financial Services;QISI.QA;Qatar
Qatar Navigation Q.P.S.C.;Industrials;QNNS.QA;Qatar
The Commercial Bank (P.S.Q.C.);Financial Services;CBQK.QA;Qatar
Qatar Cinema and Film Distribution Company (Q.P.S.C);Communication Services;QCFS.QA;Qatar
Islamic Holding Group (Q.S.C.);Financial Services;IHGS.QA;Qatar
Alijarah Holding (Q.P.S.C);Real Estate;NLCS.QA;Qatar
Ooredoo Q.P.S.C.;Communication Services;ORDS.QA;Qatar
Qatar Electricity and Water Company Q.S.C.;Utilities;QEWS.QA;Qatar
United Development Company Q.P.S.C.;Real Estate;UDCD.QA;Qatar
Qatar Islamic Bank (Q.P.S.C.);Financial Services;QIBK.QA;Qatar
Salam International Investment Limited Q.P.S.C.;Industrials;SIIS.QA;Qatar
Qatar National Bank S.A.Q.;Financial Services;QNBK.QA;Qatar
Mesaieed Petrochemical Holding Company Q.S.C.;Materials;MPHC.QA;Qatar
Al Khalij Commercial Bank (al khaliji) P.Q.S.C.;Financial Services;KCBK.QA;Qatar
Mannai Corporation Q.P.S.C.;Technology;MCCS.QA;Qatar
Zad Holding Company Q.S.C.;Consumer Defensive;ZHCD.QA;Qatar
Banca Transilvania S.A.;banking;0DP9.IL;Romania
S.N.G.N. Romgaz S.A.;natural gas;RZ8G.F;Romania
AFK Sistema;Conglomerate;AFKS.ME;Russia
Aeroflot;Transportation;AFLT.ME;Russia
Rosagro;Agriculture;AGRO.ME;Russia
Acron;Chemicals;AKRN.ME;Russia
Lenta;Retail;LNTA.ME;Russia
Credit Bank of Moscow;Banking;CBOM.ME;Russia
Detsky Mir;Retail;DSKY.ME;Russia
SeverStal;Mining & Metallurgy;CHMF.ME;Russia
DIXY;Retail;DIXY.ME;Russia
FGC UES;Electric utility;FEES.ME;Russia
Gazprom;Oil & gas;GAZP.ME;Russia
Norilsk Nickel;Mining & Metallurgy;GMKN.ME;Russia
RusHydro;Energy;HYDR.ME;Russia
Inter RAO;Energy;IRAO.ME;Russia
Lukoil;Oil & gas;LKOH.ME;Russia
LSR Group;Real estate development;LSRG.ME;Russia
Magnitogorsk Iron and Steel Works;Metallurgy;MAGN.ME;Russia
MegaFon;Telecommunication;MFOYY;Russia
OJSC Magnit;Retail;MGNT.ME;Russia
Moscow Exchange;Stock exchange;MOEX.ME;Russia
Mosenergo;Energy;MSNG.ME;Russia
Mechel;Mining & Metallurgy;MTLR.ME;Russia
Alrosa;Mining;ALRS.ME;Russia
Mobile TeleSystems;Telecommunication;MTSS.ME;Russia
M.video;Retail;MVID.ME;Russia
Novolipetsk Steel;Metallurgy;NLMK.ME;Russia
Novorossiysk Commercial Sea Port;Transportation;NMTP.ME;Russia
Novatek;Oil & gas;NVTK.ME;Russia
PhosAgro;Chemicals;PHOR.ME;Russia
PIK Group;Real estate development;PIKK.ME;Russia
Polyus Gold;Mining;PLZL.ME;Russia
Polymetal International;Mining;POLY.ME;Russia
Rosneft;Oil & gas;ROSN.ME;Russia
Rosseti;Electric utility;RSTI.ME;Russia
Rostelecom;Telecommunication;RTKM.ME;Russia
Rusal;Mining;RUAL.ME;Russia
Sberbank;Banking;SBER.ME;Russia
Sberbank;Banking;SBERP.ME;Russia
Surgutneftegas;Oil & gas;SNGS.ME;Russia
Surgutneftegas;Oil & gas;SNGSP.ME;Russia
Tatneft;Oil & gas;TATN.ME;Russia
Tatneft;Oil & gas;TATNP.ME;Russia
OAO TMK;Steel industry;TRMK.ME;Russia
Transneft;Oil & gas;TRNFP.ME;Russia
Unipro;Electric utility;UPRO.ME;Russia
Russneft;Refining;RNFT.ME;Russia
United Wagon Company;Mechanical engineering;UWGN.ME;Russia
VTB Bank;Banking;VTBR.ME;Russia
Yandex;Internet;YNDX.ME;Russia
Skanska AB (publ);Industrials;SKA-B.ST;Sweden
Sandvik AB;Industrials;SAND.ST;Sweden
Swedish Match AB (publ);Tobacco;SWMA.ST;Sweden
AB SKF (publ);Industrials;SKF-B.ST;Sweden
Autoliv, Inc.;Auto Parts;ALIV-SDB.ST;Sweden
Swedbank AB (publ);Banks;SWED-A.ST;Sweden
AB Electrolux (publ);Technology;ELUX-B.ST;Sweden
ABB Ltd;Industrials;ABB.ST;Sweden
ASSA ABLOY AB (publ);Industrials;ASSA-B.ST;Sweden
AstraZeneca PLC;Healthcare;AZN.ST;Sweden
Hexagon AB (publ);Technology;HEXA-B.ST;Sweden
Tele2 AB (publ);Telecommunication;TEL2-B.ST;Sweden
Boliden AB (publ);Financial Services;BOL.ST;Sweden
Atlas Copco AB;Industrials;ATCO-B.ST;Sweden
Investor AB (publ);Financial Services;INVE-B.ST;Sweden
Nordea Bank Abp;Financial Services;NDA-SE.ST;Sweden
Atlas Copco AB;Industrials;ATCO-A.ST;Sweden
AB Volvo (publ);Industrials;VOLV-B.ST;Sweden
Getinge AB;Healthcare;GETI-B.ST;Sweden
Svenska Handelsbanken AB (publ);Industrials;SHB-A.ST;Sweden
Svenska Cellulosa Aktiebolaget SCA (publ);Forestry;SCA-B.ST;Sweden
Securitas AB;Banks;SECU-B.ST;Sweden
H & M Hennes & Mauritz AB (publ);Apparel Manufacturing;HM-B.ST;Sweden
Kinnevik AB;Financial Services;KINV-B.ST;Sweden
Alfa Laval AB (publ);Industrials;ALFA.ST;Sweden
Telefonaktiebolaget LM Ericsson (publ);Technology;ERIC-B.ST;Sweden
Telia Company AB (publ);Communication Services;TELIA.ST;Sweden
Skandinaviska Enskilda Banken AB (publ.);Banks;SEB-A.ST;Sweden
SSAB AB (publ);Basic Materials;SSAB-A.ST;Sweden
Essity AB (publ);Healthcare;ESSITY-B.ST;Sweden
Nestlé;Food;NESN.SW;Switzerland
Novartis;Pharmacy;NOVN.SW;Switzerland
Hoffmann-La Roche;Pharmacy;ROG.SW;Switzerland
Zurich Insurance Group;Insurance;ZURN.SW;Switzerland
ABB;Electrical equipment;ABBN.SW;Switzerland
UBS;Banks;UBSG.SW;Switzerland
Lonza;Chemistry;LONN.SW;Switzerland
Givaudan;Chemistry;GIVN.SW;Switzerland
Richemont;Luxury Goods;CFR.SW;Switzerland
Sika;Chemistry;SIKA.SW;Switzerland
LafargeHolcim;Building materials;LHN.SW;Switzerland
Swisscom;Telecommunications;SCMN.SW;Switzerland
Alcon;Pharmacy;ALC.SW;Switzerland
Credit Suisse;Banks;CSGN.SW;Switzerland
Partners Group;Private equity;PGHN.SW;Switzerland
Swiss Re;Insurance;SREN.SW;Switzerland
Geberit;Sanitary engineering;GEBN.SW;Switzerland
SGS;Services;SGSN.SW;Switzerland
Swiss Life Holding;Insurance;SLHN.SW;Switzerland
Swatch Group;Watches;UHR.SW;Switzerland
Vanachai Group Public Company Limited;Basic Materials;VNG.BK;Thailand
Thoresen Thai Agencies Public Company Limited;Industrials;TTA.BK;Thailand
Precious Shipping Public Company Limited;Industrials;PSL.BK;Thailand
The Siam Cement Public Company Limited;Basic Materials;SCC.BK;Thailand
Bangkok Bank Public Company Limited;Bank;BBL.BK;Thailand
Selçuk Ecza Deposu Ticaret ve Sanayi A.S.;Healthcare;SELEC.IS;Turkey
Pergamon-Status Dis Ticaret A.S.;Industrials;PSDTC.IS;Turkey
Global Menkul Degerler Anonim Sirketi;Financial Services;GLBMD.IS;Turkey
Eregli Demir ve Çelik Fabrikalari T.A.S.;Materials;EREGL.IS;Turkey
Türk Hava Yollari Anonim Ortakligi;Industrials;THYAO.IS;Turkey
Turkiye Sinai Kalkinma Bankasi A.S.;Financial Services;TSKB.IS;Turkey
Türk Prysmian Kablo ve Sistemleri Anonim Sirketi;Industrials;PRKAB.IS;Turkey
Kordsa Global Endüstriyel Iplik ve Kord Bezi Sanayi ve Ticaret A.S.;Consumer Cyclical;KORDS.IS;Turkey
Kartonsan Karton Sanayi ve Ticaret Anonim Sirketi;Consumer Cyclical;KARTN.IS;Turkey
Enka Insaat ve Sanayi A.S.;Industrials;ENKAI.IS;Turkey
Adel Kalemcilik Ticaret ve Sanayi A.S.;Industrials;ADEL.IS;Turkey
Vakif Finansal Kiralama A.S.;Industrials;VAKFN.IS;Turkey
Karsu Tekstil Sanayii ve Ticaret A.S.;Consumer Cyclical;KRTEK.IS;Turkey
Marti Otel Isletmeleri A.S.;Consumer Cyclical;MARTI.IS;Turkey
Sanko Pazarlama Ithalat Ihracat Anonim Sirketi;Consumer Cyclical;SANKO.IS;Turkey
Pinar Su Sanayi ve Ticaret A.S.;Consumer Defensive;PINSU.IS;Turkey
Ata Gayrimenkul Yatirim Ortakligi Anonim Sirketi;Real Estate;ATAGY.IS;Turkey
Oylum Sinai Yatirimlar Anonim Sirketi;Consumer Defensive;OYLUM.IS;Turkey
Odas Elektrik Üretim Sanayi Ticaret A.S.;Utilities;ODAS.IS;Turkey
Is Yatirim Ortakligi A.S.;Financial Services;ISYAT.IS;Turkey
Ford Otomotiv Sanayi A.S.;Consumer Cyclical;FROTO.IS;Turkey
Euro Trend Yatirim Ortakligi Anonim Sirketi;Financial Services;ETYAT.IS;Turkey
Alarko Gayrimenkul Yatirim Ortakligi A.S.;Real Estate;ALGYO.IS;Turkey
Akis Gayrimenkul Yatirim Ortakligi A.S.;Real Estate;AKSGY.IS;Turkey
Metemtur Otelcilik ve Turizm Isletmeleri A.S.;Consumer Cyclical;METUR.IS;Turkey
Ozderici Gayrimenkul Yatirim Ortakligi A.S.;Real Estate;OZGYO.IS;Turkey
Olmuksan International Paper Ambalaj Sanayi ve Ticaret A.S.;Consumer Cyclical;OLMIP.IS;Turkey
Yapi Kredi Koray Gayrimenkul Yatirim Ortakligi A.S.;Real Estate;YKGYO.IS;Turkey
Türkiye Petrol Rafinerileri A.S.;Energy;TUPRS.IS;Turkey
Yaprak Süt ve Besi Çiftlikleri Sanayi ve Ticaret A.S.;Consumer Defensive;YAPRK.IS;Turkey
Hürriyet Gazetecilik ve Matbaacilik A.S.;Communication Services;HURGZ.IS;Turkey
Ege Seramik Sanayi ve Ticaret A.S.;Industrials;EGSER.IS;Turkey
Ege Profil Ticaret ve Sanayi Anonim Sirketi;Industrials;EGPRO.IS;Turkey
Edip Gayrimenkul Yatirim Sanayi ve Ticaret AS;Real Estate;EDIP.IS;Turkey
Çimsa Çimento Sanayi ve Ticaret Anonim Sirketi;Materials;CIMSA.IS;Turkey
Borusan Mannesmann Boru Sanayi ve Ticaret A.S.;Materials;BRSAN.IS;Turkey
Akçansa Çimento Sanayi ve Ticaret A.S.;Materials;AKCNS.IS;Turkey
Çemtas Çelik Makina Sanayi ve Ticaret A.S.;Materials;CEMTS.IS;Turkey
Karsan Otomotiv Sanayii ve Ticaret A.S.;Consumer Cyclical;KARSN.IS;Turkey
Tümosan Motor ve Traktör Sanayi A.S.;Industrials;TMSN.IS;Turkey
Milpa Ticari ve Sinai Ürünler Pazarlama Sanayi ve Ticaret A.S.;Industrials;MIPAZ.IS;Turkey
Pinar Entegre Et ve Un Sanayii A.S.;Consumer Defensive;PETUN.IS;Turkey
Türk Traktör ve Ziraat Makineleri A.S.;Industrials;TTRAK.IS;Turkey
Galatasaray Sportif Sinai ve Ticari Yatirimlar A.S.;Consumer Cyclical;GSRAY.IS;Turkey
San-El Muhendislik Elektrik Taahhut Sanayi ve Ticaret A.S.;Industrials;SANEL.IS;Turkey
Saray Matbaacilik Kagitçilik kirtasiyecilik Ticaret Ve Sanayi A.S.;Industrials;SAMAT.IS;Turkey
Intema Insaat ve Tesisat Malzemeleri Yatirim ve Pazarlama A.S;Consumer Cyclical;INTEM.IS;Turkey
Aselsan Elektronik Sanayi ve Ticaret Anonim Sirketi;Industrials;ASELS.IS;Turkey
EIS Eczacibasi Ilaç, Sinai ve Finansal Yatirimlar Sanayi ve Ticaret A.S.;Healthcare;ECILC.IS;Turkey
Federal - Mogul Izmit Piston Ve Pim Uretim Tesisleri A.S.;Consumer Cyclical;FMIZP.IS;Turkey
Is Girisim Sermayesi Yatirim Ortakligi AS;Materials;ISGSY.IS;Turkey
3i;Financial Services;III.L;United Kingdom
Admiral Group;Nonlife Insurance;ADM.L;United Kingdom
Anglo American plc;Mining;AAL.L;United Kingdom
Antofagasta;Mining;ANTO.L;United Kingdom
Ashtead Group;Support Services;AHT.L;United Kingdom
Associated British Foods;Food Producers;ABF.L;United Kingdom
AstraZeneca;Pharmaceuticals & Biotechnology;AZN.L;United Kingdom
Auto Trader Group;Media;AUTO.L;United Kingdom
Avast;Software and Computer Services;AVST.L;United Kingdom
Aveva;Software & Computer Services;AVV.L;United Kingdom
Aviva;Life Insurance;AV.L;United Kingdom
B&M;Retailers;BME.L;United Kingdom
BAE Systems;Aerospace & Defence;BA.L;United Kingdom
Barclays;Banks;BARC.L;United Kingdom
Barratt Developments;Household Goods & Home Construction;BDEV.L;United Kingdom
Berkeley Group Holdings;Household Goods & Home Construction;BKG.L;United Kingdom
BHP;Mining;BHP.L;United Kingdom
BP;Oil & Gas Producers;BP.L;United Kingdom
British American Tobacco;Tobacco;BATS.L;United Kingdom
British Land;Real Estate Investment Trusts;BLND.L;United Kingdom
BT Group;Fixed Line Telecommunications;BT-A.L;United Kingdom
Bunzl;Support Services;BNZL.L;United Kingdom
Burberry;Personal Goods;BRBY.L;United Kingdom
Coca-Cola HBC;Beverages;CCH.L;United Kingdom
Compass Group;Support Services;CPG.L;United Kingdom
CRH plc;Construction & Materials;CRH.L;United Kingdom
Croda International;Chemicals;CRDA.L;United Kingdom
DCC plc;Support Services;DCC.L;United Kingdom
Diageo;Beverages;DGE.L;United Kingdom
Evraz;Industrial Metals & Mining;EVR.L;United Kingdom
Experian;Support Services;EXPN.L;United Kingdom
Ferguson plc;Support Services;FERG.L;United Kingdom
Flutter Entertainment;Travel & Leisure;FLTR.L;United Kingdom
Fresnillo;Mining;FRES.L;United Kingdom
GlaxoSmithKline;Pharmaceuticals & Biotechnology;GSK.L;United Kingdom
Glencore;Mining;GLEN.L;United Kingdom
GVC Holdings;Travel and Leisure;GVC.L;United Kingdom
Halma;Electronic & Electrical Equipment;HLMA.L;United Kingdom
Hargreaves Lansdown;Financial Services;HL.L;United Kingdom
Hikma Pharmaceuticals;Pharmaceuticals & Biotechnology;HIK.L;United Kingdom
Homeserve;Consumer services;HSV.L;United Kingdom
HSBC;Banks;HSBA.L;United Kingdom
Imperial Brands;Tobacco;IMB.L;United Kingdom
Informa;Media;INF.L;United Kingdom
InterContinental Hotels Group;Travel & Leisure;IHG.L;United Kingdom
Intermediate Capital Group;Investment Services;ICP.L;United Kingdom
International Airlines Group;Travel & Leisure;IAG.L;United Kingdom
Intertek;Support Services;ITRK.L;United Kingdom
JD Sports;General Retailers;JD.L;United Kingdom
Johnson Matthey;Chemicals;JMAT.L;United Kingdom
Just Eat Takeaway;Software and Computer Services;JET.L;United Kingdom
Kingfisher;Retailers;KGF.L;United Kingdom
Land Securities;Real Estate Investment Trusts;LAND.L;United Kingdom
Legal & General;Life Insurance;LGEN.L;United Kingdom
Lloyds Banking Group;Banks;LLOY.L;United Kingdom
London Stock Exchange Group;Financial Services;LSE.L;United Kingdom
M&G;Asset Managers;MNG.L;United Kingdom
Melrose Industries;Automobiles & Parts;MRO.L;United Kingdom
Mondi;Forestry & Paper;MNDI.L;United Kingdom
Morrisons;Food & Drug Retailers;MRW.L;United Kingdom
National Grid plc;Gas, Water & Multi-utilities;NG.L;United Kingdom
NatWest Group;Banks;NWG.L;United Kingdom
Next plc;General Retailers;NXT.L;United Kingdom
Ocado;Food & Drug Retailers;OCDO.L;United Kingdom
Pearson plc;Media;PSON.L;United Kingdom
Pennon Group;Water;PNN.L;United Kingdom
Persimmon plc;Household Goods & Home Construction;PSN.L;United Kingdom
Phoenix Group;Life Insurance;PHNX.L;United Kingdom
Polymetal International;Precious Metals and Mining;POLY.L;United Kingdom
Prudential plc;Life Insurance;PRU.L;United Kingdom
Reckitt Benckiser;Household Goods & Home Construction;RB.L;United Kingdom
RELX;Media;REL.L;United Kingdom
Rentokil Initial;Support Services;RTO.L;United Kingdom
Rio Tinto;Mining;RIO.L;United Kingdom
Rightmove;Media;RMV.L;United Kingdom
Rolls-Royce Holdings;Aerospace & Defence;RR.L;United Kingdom
Royal Dutch Shell;Oil & Gas Producers;RDSA.L;United Kingdom
RSA Insurance Group;Nonlife Insurance;RSA.L;United Kingdom
Sage Group;Software & Computer Services;SGE.L;United Kingdom
Sainsbury's;Food & Drug Retailers;SBRY.L;United Kingdom
Schroders;Financial Services;SDR.L;United Kingdom
Scottish Mortgage Investment Trust;Equity Investment Instruments;SMT.L;United Kingdom
Segro;Real Estate Investment Trusts;SGRO.L;United Kingdom
Severn Trent;Gas, Water & Multi-utilities;SVT.L;United Kingdom
Smith & Nephew;Health Care Equipment & Services;SN.L;United Kingdom
DS Smith;General Industrials;SMDS.L;United Kingdom
Smiths Group;General Industrials;SMIN.L;United Kingdom
Smurfit Kappa;General Industrials;SKG.L;United Kingdom
Spirax-Sarco Engineering;Industrial Engineering;SPX.L;United Kingdom
SSE plc;Electricity;SSE.L;United Kingdom
Standard Chartered;Banks;STAN.L;United Kingdom
Standard Life Aberdeen;Financial Services;SLA.L;United Kingdom
St. James's Place plc;Life Insurance;STJ.L;United Kingdom
Taylor Wimpey;Household Goods & Home Construction;TW.L;United Kingdom
Tesco;Food & Drug Retailers;TSCO.L;United Kingdom
Unilever;Personal Goods;ULVR.L;United Kingdom
United Utilities;Gas, Water & Multi-utilities;UU.L;United Kingdom
Vodafone Group;Mobile Telecommunications;VOD.L;United Kingdom
Whitbread;Retail hospitality;WTB.L;United Kingdom
WPP plc;Media;WPP.L;United Kingdom
3M Company;Industrials;MMM;United States
A.O. Smith Corp;Industrials;AOS;United States
Abbott Laboratories;Health Care;ABT;United States
AbbVie Inc.;Health Care;ABBV;United States
ABIOMED Inc;Health Care;ABMD;United States
Accenture plc;Information Technology;ACN;United States
Activision Blizzard;Communication Services;ATVI;United States
Adobe Inc.;Information Technology;ADBE;United States
Advance Auto Parts;Consumer Discretionary;AAP;United States
Advanced Micro Devices Inc;Information Technology;AMD;United States
AES Corp;Utilities;AES;United States
AFLAC Inc;Financials;AFL;United States
Agilent Technologies Inc;Health Care;A;United States
Air Products & Chemicals Inc;Materials;APD;United States
Akamai Technologies Inc;Information Technology;AKAM;United States
Alaska Air Group Inc;Industrials;ALK;United States
Albemarle Corp;Materials;ALB;United States
Alexandria Real Estate Equities;Real Estate;ARE;United States
Alexion Pharmaceuticals;Health Care;ALXN;United States
Align Technology;Health Care;ALGN;United States
Allegion;Industrials;ALLE;United States
Alliant Energy Corp;Utilities;LNT;United States
Allstate Corp;Financials;ALL;United States
Alphabet Inc. (Class A);Communication Services;GOOGL;United States
Alphabet Inc. (Class C);Communication Services;GOOG;United States
Altria Group Inc;Consumer Staples;MO;United States
Amazon.com Inc.;Consumer Discretionary;AMZN;United States
Amcor plc;Materials;AMCR;United States
Ameren Corp;Utilities;AEE;United States
American Airlines Group;Industrials;AAL;United States
American Electric Power;Utilities;AEP;United States
American Express Co;Financials;AXP;United States
American International Group;Financials;AIG;United States
American Tower Corp.;Real Estate;AMT;United States
American Water Works Company Inc;Utilities;AWK;United States
Ameriprise Financial;Financials;AMP;United States
AmerisourceBergen Corp;Health Care;ABC;United States
AMETEK Inc.;Industrials;AME;United States
Amgen Inc.;Health Care;AMGN;United States
Amphenol Corp;Information Technology;APH;United States
Analog Devices Inc.;Information Technology;ADI;United States
ANSYS;Information Technology;ANSS;United States
Anthem;Health Care;ANTM;United States
Aon plc;Financials;AON;United States
Apache Corporation;Energy;APA;United States
Apartment Investment & Management;Real Estate;AIV;United States
Apple Inc.;Information Technology;AAPL;United States
Applied Materials Inc.;Information Technology;AMAT;United States
Aptiv PLC;Consumer Discretionary;APTV;United States
Archer-Daniels-Midland Co;Consumer Staples;ADM;United States
Arista Networks;Information Technology;ANET;United States
Arthur J. Gallagher & Co.;Financials;AJG;United States
Assurant;Financials;AIZ;United States
AT&T Inc.;Communication Services;T;United States
Atmos Energy;Utilities;ATO;United States
Autodesk Inc.;Information Technology;ADSK;United States
Automatic Data Processing;Information Technology;ADP;United States
AutoZone Inc;Consumer Discretionary;AZO;United States
AvalonBay Communities;Real Estate;AVB;United States
Avery Dennison Corp;Materials;AVY;United States
Baker Hughes Co;Energy;BKR;United States
Ball Corp;Materials;BLL;United States
Bank of America Corp;Financials;BAC;United States
Baxter International Inc.;Health Care;BAX;United States
Becton Dickinson;Health Care;BDX;United States
Berkshire Hathaway;Financials;BRK-B;United States
Best Buy Co. Inc.;Consumer Discretionary;BBY;United States
Bio-Rad Laboratories;Health Care;BIO;United States
Biogen Inc.;Health Care;BIIB;United States
BlackRock;Financials;BLK;United States
Boeing Company;Industrials;BA;United States
Booking Holdings Inc;Consumer Discretionary;BKNG;United States
BorgWarner;Consumer Discretionary;BWA;United States
Boston Properties;Real Estate;BXP;United States
Boston Scientific;Health Care;BSX;United States
Bristol-Myers Squibb;Health Care;BMY;United States
Broadcom Inc.;Information Technology;AVGO;United States
Broadridge Financial Solutions;Information Technology;BR;United States
Brown-Forman Corp.;Consumer Staples;BF-B;United States
C. H. Robinson Worldwide;Industrials;CHRW;United States
Cabot Oil & Gas;Energy;COG;United States
Cadence Design Systems;Information Technology;CDNS;United States
Campbell Soup;Consumer Staples;CPB;United States
Capital One Financial;Financials;COF;United States
Cardinal Health Inc.;Health Care;CAH;United States
Carmax Inc;Consumer Discretionary;KMX;United States
Carnival Corp.;Consumer Discretionary;CCL;United States
Carrier Global;Industrials;CARR;United States
Caterpillar Inc.;Industrials;CAT;United States
Cboe Global Markets;Financials;CBOE;United States
CBRE Group;Real Estate;CBRE;United States
CDW;Information Technology;CDW;United States
Celanese;Materials;CE;United States
Centene Corporation;Health Care;CNC;United States
CenterPoint Energy;Utilities;CNP;United States
CenturyLink Inc;Communication Services;CTL;United States
Cerner;Health Care;CERN;United States
CF Industries Holdings Inc;Materials;CF;United States
Charles Schwab Corporation;Financials;SCHW;United States
Charter Communications;Communication Services;CHTR;United States
Chevron Corp.;Energy;CVX;United States
Chipotle Mexican Grill;Consumer Discretionary;CMG;United States
Chubb Limited;Financials;CB;United States
Church & Dwight;Consumer Staples;CHD;United States
CIGNA Corp.;Health Care;CI;United States
Cincinnati Financial;Financials;CINF;United States
Cintas Corporation;Industrials;CTAS;United States
Cisco Systems;Information Technology;CSCO;United States
Citigroup Inc.;Financials;C;United States
Citizens Financial Group;Financials;CFG;United States
Citrix Systems;Information Technology;CTXS;United States
CME Group Inc.;Financials;CME;United States
CMS Energy;Utilities;CMS;United States
Coca-Cola Company;Consumer Staples;KO;United States
Cognizant Technology Solutions;Information Technology;CTSH;United States
Colgate-Palmolive;Consumer Staples;CL;United States
Comcast Corp.;Communication Services;CMCSA;United States
Comerica Inc.;Financials;CMA;United States
Conagra Brands;Consumer Staples;CAG;United States
Concho Resources;Energy;CXO;United States
ConocoPhillips;Energy;COP;United States
Consolidated Edison;Utilities;ED;United States
Constellation Brands;Consumer Staples;STZ;United States
Copart Inc;Industrials;CPRT;United States
Corning Inc.;Information Technology;GLW;United States
Corteva;Materials;CTVA;United States
Costco Wholesale Corp.;Consumer Staples;COST;United States
Coty Inc;Consumer Staples;COTY;United States
Crown Castle International Corp.;Real Estate;CCI;United States
CSX Corp.;Industrials;CSX;United States
Cummins Inc.;Industrials;CMI;United States
CVS Health;Health Care;CVS;United States
D. R. Horton;Consumer Discretionary;DHI;United States
Danaher Corp.;Health Care;DHR;United States
Darden Restaurants;Consumer Discretionary;DRI;United States
DaVita Inc.;Health Care;DVA;United States
Deere & Co.;Industrials;DE;United States
Delta Air Lines Inc.;Industrials;DAL;United States
Dentsply Sirona;Health Care;XRAY;United States
Devon Energy;Energy;DVN;United States
DexCom;Health Care;DXCM;United States
Diamondback Energy;Energy;FANG;United States
Digital Realty Trust Inc;Real Estate;DLR;United States
Discover Financial Services;Financials;DFS;United States
Discovery Inc. (Class A);Communication Services;DISCA;United States
Discovery Inc. (Class C);Communication Services;DISCK;United States
Dish Network;Communication Services;DISH;United States
Dollar General;Consumer Discretionary;DG;United States
Dollar Tree;Consumer Discretionary;DLTR;United States
Dominion Energy;Utilities;D;United States
Domino's Pizza;Consumer Discretionary;DPZ;United States
Dover Corporation;Industrials;DOV;United States
Dow Inc.;Materials;DOW;United States
DTE Energy Co.;Utilities;DTE;United States
Duke Energy;Utilities;DUK;United States
Duke Realty Corp;Real Estate;DRE;United States
DuPont de Nemours Inc;Materials;DD;United States
DXC Technology;Information Technology;DXC;United States
E*Trade;Financials;ETFC;United States
Eastman Chemical;Materials;EMN;United States
Eaton Corporation;Industrials;ETN;United States
eBay Inc.;Consumer Discretionary;EBAY;United States
Ecolab Inc.;Materials;ECL;United States
Edison Int'l;Utilities;EIX;United States
Edwards Lifesciences;Health Care;EW;United States
Electronic Arts;Communication Services;EA;United States
Emerson Electric Company;Industrials;EMR;United States
Entergy Corp.;Utilities;ETR;United States
EOG Resources;Energy;EOG;United States
Equifax Inc.;Industrials;EFX;United States
Equinix;Real Estate;EQIX;United States
Equity Residential;Real Estate;EQR;United States
Essex Property Trust Inc.;Real Estate;ESS;United States
Estée Lauder Companies;Consumer Staples;EL;United States
Everest Re Group Ltd.;Financials;RE;United States
Evergy;Utilities;EVRG;United States
Eversource Energy;Utilities;ES;United States
Exelon Corp.;Utilities;EXC;United States
Expedia Group;Consumer Discretionary;EXPE;United States
Expeditors;Industrials;EXPD;United States
Extra Space Storage;Real Estate;EXR;United States
Exxon Mobil Corp.;Energy;XOM;United States
F5 Networks;Information Technology;FFIV;United States
Facebook Inc.;Communication Services;FB;United States
Fastenal Co;Industrials;FAST;United States
Federal Realty Investment Trust;Real Estate;FRT;United States
FedEx Corporation;Industrials;FDX;United States
Fidelity National Information Services;Information Technology;FIS;United States
Fifth Third Bancorp;Financials;FITB;United States
First Republic Bank;Financials;FRC;United States
FirstEnergy Corp;Utilities;FE;United States
Fiserv Inc;Information Technology;FISV;United States
FleetCor Technologies Inc;Information Technology;FLT;United States
FLIR Systems;Information Technology;FLIR;United States
Flowserve Corporation;Industrials;FLS;United States
FMC Corporation;Materials;FMC;United States
Ford Motor Company;Consumer Discretionary;F;United States
Fortinet;Information Technology;FTNT;United States
Fortive Corp;Industrials;FTV;United States
Fortune Brands Home & Security;Industrials;FBHS;United States
Fox Corporation (Class A);Communication Services;FOXA;United States
Fox Corporation (Class B);Communication Services;FOX;United States
Franklin Resources;Financials;BEN;United States
Freeport-McMoRan Inc.;Materials;FCX;United States
Gap Inc.;Consumer Discretionary;GPS;United States
Garmin Ltd.;Consumer Discretionary;GRMN;United States
Gartner Inc;Information Technology;IT;United States
General Dynamics;Industrials;GD;United States
General Electric;Industrials;GE;United States
General Mills;Consumer Staples;GIS;United States
General Motors;Consumer Discretionary;GM;United States
Genuine Parts;Consumer Discretionary;GPC;United States
Gilead Sciences;Health Care;GILD;United States
Global Payments Inc.;Information Technology;GPN;United States
Globe Life Inc.;Financials;GL;United States
Goldman Sachs Group;Financials;GS;United States
Grainger (W.W.) Inc.;Industrials;GWW;United States
H&R Block;Consumer Discretionary;HRB;United States
Halliburton Co.;Energy;HAL;United States
Hanesbrands Inc;Consumer Discretionary;HBI;United States
Hartford Financial Svc.Gp.;Financials;HIG;United States
Hasbro Inc.;Consumer Discretionary;HAS;United States
HCA Healthcare;Health Care;HCA;United States
Healthpeak Properties;Real Estate;PEAK;United States
Henry Schein;Health Care;HSIC;United States
Hess Corporation;Energy;HES;United States
Hewlett Packard Enterprise;Information Technology;HPE;United States
Hilton Worldwide Holdings Inc;Consumer Discretionary;HLT;United States
HollyFrontier Corp;Energy;HFC;United States
Hologic;Health Care;HOLX;United States
Home Depot;Consumer Discretionary;HD;United States
Honeywell Int'l Inc.;Industrials;HON;United States
Hormel Foods Corp.;Consumer Staples;HRL;United States
Host Hotels & Resorts;Real Estate;HST;United States
Howmet Aerospace;Industrials;HWM;United States
HP Inc.;Information Technology;HPQ;United States
Humana Inc.;Health Care;HUM;United States
Huntington Bancshares;Financials;HBAN;United States
Huntington Ingalls Industries;Industrials;HII;United States
IDEX Corporation;Industrials;IEX;United States
IDEXX Laboratories;Health Care;IDXX;United States
IHS Markit Ltd.;Industrials;INFO;United States
Illinois Tool Works;Industrials;ITW;United States
Illumina Inc;Health Care;ILMN;United States
Incyte;Health Care;INCY;United States
Ingersoll Rand;Industrials;IR;United States
Intel Corp.;Information Technology;INTC;United States
Intercontinental Exchange;Financials;ICE;United States
International Business Machines;Information Technology;IBM;United States
International Flavors & Fragrances;Materials;IFF;United States
International Paper;Materials;IP;United States
Interpublic Group;Communication Services;IPG;United States
Intuit Inc.;Information Technology;INTU;United States
Intuitive Surgical Inc.;Health Care;ISRG;United States
Invesco Ltd.;Financials;IVZ;United States
IPG Photonics Corp.;Information Technology;IPGP;United States
IQVIA Holdings Inc.;Health Care;IQV;United States
Iron Mountain Incorporated;Real Estate;IRM;United States
J. B. Hunt Transport Services;Industrials;JBHT;United States
Jack Henry & Associates;Information Technology;JKHY;United States
Jacobs Engineering Group;Industrials;J;United States
JM Smucker;Consumer Staples;SJM;United States
Johnson & Johnson;Health Care;JNJ;United States
Johnson Controls International;Industrials;JCI;United States
JPMorgan Chase & Co.;Financials;JPM;United States
Juniper Networks;Information Technology;JNPR;United States
Kansas City Southern;Industrials;KSU;United States
Kellogg Co.;Consumer Staples;K;United States
KeyCorp;Financials;KEY;United States
Keysight Technologies;Information Technology;KEYS;United States
Kimberly-Clark;Consumer Staples;KMB;United States
Kimco Realty;Real Estate;KIM;United States
Kinder Morgan;Energy;KMI;United States
KLA Corporation;Information Technology;KLAC;United States
Kohl's Corp.;Consumer Discretionary;KSS;United States
Kraft Heinz Co;Consumer Staples;KHC;United States
Kroger Co.;Consumer Staples;KR;United States
L Brands Inc.;Consumer Discretionary;LB;United States
L3Harris Technologies;Industrials;LHX;United States
Laboratory Corp. of America Holding;Health Care;LH;United States
Lam Research;Information Technology;LRCX;United States
Lamb Weston Holdings Inc;Consumer Staples;LW;United States
Las Vegas Sands;Consumer Discretionary;LVS;United States
Leggett & Platt;Consumer Discretionary;LEG;United States
Leidos Holdings;Information Technology;LDOS;United States
Lennar Corp.;Consumer Discretionary;LEN;United States
Lilly (Eli) & Co.;Health Care;LLY;United States
Lincoln National;Financials;LNC;United States
Linde plc;Materials;LIN;United States
Live Nation Entertainment;Communication Services;LYV;United States
LKQ Corporation;Consumer Discretionary;LKQ;United States
Lockheed Martin Corp.;Industrials;LMT;United States
Loews Corp.;Financials;L;United States
Lowe's Cos.;Consumer Discretionary;LOW;United States
LyondellBasell;Materials;LYB;United States
M&T Bank Corp.;Financials;MTB;United States
Marathon Oil Corp.;Energy;MRO;United States
Marathon Petroleum;Energy;MPC;United States
MarketAxess;Financials;MKTX;United States
Marriott Int'l.;Consumer Discretionary;MAR;United States
Marsh & McLennan;Financials;MMC;United States
Martin Marietta Materials;Materials;MLM;United States
Masco Corp.;Industrials;MAS;United States
Mastercard Inc.;Information Technology;MA;United States
Maxim Integrated Products Inc;Information Technology;MXIM;United States
McCormick & Co.;Consumer Staples;MKC;United States
McDonald's Corp.;Consumer Discretionary;MCD;United States
McKesson Corp.;Health Care;MCK;United States
Medtronic plc;Health Care;MDT;United States
Merck & Co.;Health Care;MRK;United States
MetLife Inc.;Financials;MET;United States
Mettler Toledo;Health Care;MTD;United States
MGM Resorts International;Consumer Discretionary;MGM;United States
Microchip Technology;Information Technology;MCHP;United States
Micron Technology;Information Technology;MU;United States
Microsoft Corp.;Information Technology;MSFT;United States
Mid-America Apartments;Real Estate;MAA;United States
Mohawk Industries;Consumer Discretionary;MHK;United States
Molson Coors Beverage Company;Consumer Staples;TAP;United States
Mondelez International;Consumer Staples;MDLZ;United States
Monster Beverage;Consumer Staples;MNST;United States
Moody's Corp;Financials;MCO;United States
Morgan Stanley;Financials;MS;United States
Motorola Solutions Inc.;Information Technology;MSI;United States
MSCI Inc;Financials;MSCI;United States
Mylan N.V.;Health Care;MYL;United States
Nasdaq Inc.;Financials;NDAQ;United States
National Oilwell Varco Inc.;Energy;NOV;United States
NetApp;Information Technology;NTAP;United States
Netflix Inc.;Communication Services;NFLX;United States
Newell Brands;Consumer Discretionary;NWL;United States
Newmont Corporation;Materials;NEM;United States
News Corp. Class A;Communication Services;NWSA;United States
News Corp. Class B;Communication Services;NWS;United States
NextEra Energy;Utilities;NEE;United States
Nielsen Holdings;Industrials;NLSN;United States
Nike Inc.;Consumer Discretionary;NKE;United States
NiSource Inc.;Utilities;NI;United States
Noble Energy;Energy;NBL;United States
Norfolk Southern Corp.;Industrials;NSC;United States
Northern Trust Corp.;Financials;NTRS;United States
Northrop Grumman;Industrials;NOC;United States
NortonLifeLock;Information Technology;NLOK;United States
Norwegian Cruise Line Holdings;Consumer Discretionary;NCLH;United States
NRG Energy;Utilities;NRG;United States
Nucor Corp.;Materials;NUE;United States
Nvidia Corporation;Information Technology;NVDA;United States
NVR Inc.;Consumer Discretionary;NVR;United States
O'Reilly Automotive;Consumer Discretionary;ORLY;United States
Occidental Petroleum;Energy;OXY;United States
Old Dominion Freight Line;Industrials;ODFL;United States
Omnicom Group;Communication Services;OMC;United States
ONEOK;Energy;OKE;United States
Oracle Corp.;Information Technology;ORCL;United States
Otis Worldwide;Industrials;OTIS;United States
PACCAR Inc.;Industrials;PCAR;United States
Packaging Corporation of America;Materials;PKG;United States
Parker-Hannifin;Industrials;PH;United States
Paychex Inc.;Information Technology;PAYX;United States
Paycom;Information Technology;PAYC;United States
PayPal;Information Technology;PYPL;United States
Pentair plc;Industrials;PNR;United States
People's United Financial;Financials;PBCT;United States
PepsiCo Inc.;Consumer Staples;PEP;United States
PerkinElmer;Health Care;PKI;United States
Perrigo;Health Care;PRGO;United States
Pfizer Inc.;Health Care;PFE;United States
Philip Morris International;Consumer Staples;PM;United States
Phillips 66;Energy;PSX;United States
Pinnacle West Capital;Utilities;PNW;United States
Pioneer Natural Resources;Energy;PXD;United States
PNC Financial Services;Financials;PNC;United States
PPG Industries;Materials;PPG;United States
PPL Corp.;Utilities;PPL;United States
Principal Financial Group;Financials;PFG;United States
Procter & Gamble;Consumer Staples;PG;United States
Progressive Corp.;Financials;PGR;United States
Prologis;Real Estate;PLD;United States
Prudential Financial;Financials;PRU;United States
Public Service Enterprise Group (PSEG);Utilities;PEG;United States
Public Storage;Real Estate;PSA;United States
PulteGroup;Consumer Discretionary;PHM;United States
PVH Corp.;Consumer Discretionary;PVH;United States
Qorvo;Information Technology;QRVO;United States
QUALCOMM Inc.;Information Technology;QCOM;United States
Quanta Services Inc.;Industrials;PWR;United States
Quest Diagnostics;Health Care;DGX;United States
Ralph Lauren Corporation;Consumer Discretionary;RL;United States
Raymond James Financial Inc.;Financials;RJF;United States
Raytheon Technologies;Industrials;RTX;United States
Realty Income Corporation;Real Estate;O;United States
Regency Centers Corporation;Real Estate;REG;United States
Regeneron Pharmaceuticals;Health Care;REGN;United States
Regions Financial Corp.;Financials;RF;United States
Republic Services Inc;Industrials;RSG;United States
ResMed;Health Care;RMD;United States
Robert Half International;Industrials;RHI;United States
Rockwell Automation Inc.;Industrials;ROK;United States
Rollins Inc.;Industrials;ROL;United States
Roper Technologies;Industrials;ROP;United States
Ross Stores;Consumer Discretionary;ROST;United States
Royal Caribbean Group;Consumer Discretionary;RCL;United States
S&P Global Inc.;Financials;SPGI;United States
Salesforce.com;Information Technology;CRM;United States
SBA Communications;Real Estate;SBAC;United States
Schlumberger Ltd.;Energy;SLB;United States
Seagate Technology;Information Technology;STX;United States
Sealed Air;Materials;SEE;United States
Sempra Energy;Utilities;SRE;United States
ServiceNow;Information Technology;NOW;United States
Sherwin-Williams;Materials;SHW;United States
Simon Property Group Inc;Real Estate;SPG;United States
Skyworks Solutions;Information Technology;SWKS;United States
SL Green Realty;Real Estate;SLG;United States
Snap-on;Industrials;SNA;United States
Southern Company;Utilities;SO;United States
Southwest Airlines;Industrials;LUV;United States
Stanley Black & Decker;Industrials;SWK;United States
Starbucks Corp.;Consumer Discretionary;SBUX;United States
State Street Corp.;Financials;STT;United States
STERIS plc;Health Care;STE;United States
Stryker Corp.;Health Care;SYK;United States
SVB Financial;Financials;SIVB;United States
Synchrony Financial;Financials;SYF;United States
Synopsys Inc.;Information Technology;SNPS;United States
Sysco Corp.;Consumer Staples;SYY;United States
T-Mobile US;Communication Services;TMUS;United States
T. Rowe Price Group;Financials;TROW;United States
Take-Two Interactive;Communication Services;TTWO;United States
Tapestry Inc.;Consumer Discretionary;TPR;United States
Target Corp.;Consumer Discretionary;TGT;United States
TE Connectivity Ltd.;Information Technology;TEL;United States
TechnipFMC;Energy;FTI;United States
Teledyne Technologies;Industrials;TDY;United States
Teleflex;Health Care;TFX;United States
Texas Instruments;Information Technology;TXN;United States
Textron Inc.;Industrials;TXT;United States
The Bank of New York Mellon;Financials;BK;United States
The Clorox Company;Consumer Staples;CLX;United States
The Cooper Companies;Health Care;COO;United States
The Hershey Company;Consumer Staples;HSY;United States
The Mosaic Company;Materials;MOS;United States
The Travelers Companies Inc.;Financials;TRV;United States
The Walt Disney Company;Communication Services;DIS;United States
Thermo Fisher Scientific;Health Care;TMO;United States
Tiffany & Co.;Consumer Discretionary;TIF;United States
TJX Companies Inc.;Consumer Discretionary;TJX;United States
Tractor Supply Company;Consumer Discretionary;TSCO;United States
Trane Technologies plc;Industrials;TT;United States
TransDigm Group;Industrials;TDG;United States
Truist Financial;Financials;TFC;United States
Twitter Inc.;Communication Services;TWTR;United States
Tyler Technologies;Information Technology;TYL;United States
Tyson Foods;Consumer Staples;TSN;United States
U.S. Bancorp;Financials;USB;United States
UDR Inc.;Real Estate;UDR;United States
Ulta Beauty;Consumer Discretionary;ULTA;United States
Under Armour (Class A);Consumer Discretionary;UAA;United States
Under Armour (Class C);Consumer Discretionary;UA;United States
Union Pacific Corp;Industrials;UNP;United States
United Airlines Holdings;Industrials;UAL;United States
United Health Group Inc.;Health Care;UNH;United States
United Parcel Service;Industrials;UPS;United States
United Rentals Inc.;Industrials;URI;United States
Universal Health Services;Health Care;UHS;United States
Unum Group;Financials;UNM;United States
Valero Energy;Energy;VLO;United States
Varian Medical Systems;Health Care;VAR;United States
Ventas Inc;Real Estate;VTR;United States
Verisign Inc.;Information Technology;VRSN;United States
Verisk Analytics;Industrials;VRSK;United States
Verizon Communications;Communication Services;VZ;United States
Vertex Pharmaceuticals Inc;Health Care;VRTX;United States
VF Corporation;Consumer Discretionary;VFC;United States
ViacomCBS;Communication Services;VIAC;United States
Visa Inc.;Information Technology;V;United States
Vornado Realty Trust;Real Estate;VNO;United States
Vulcan Materials;Materials;VMC;United States
W. R. Berkley Corporation;Financials;WRB;United States
Wabtec Corporation;Industrials;WAB;United States
Walgreens Boots Alliance;Consumer Staples;WBA;United States
Walmart;Consumer Staples;WMT;United States
Waste Management Inc.;Industrials;WM;United States
Waters Corporation;Health Care;WAT;United States
WEC Energy Group;Utilities;WEC;United States
Wells Fargo;Financials;WFC;United States
Welltower Inc.;Real Estate;WELL;United States
West Pharmaceutical Services;Health Care;WST;United States
Western Digital;Information Technology;WDC;United States
Western Union Co;Information Technology;WU;United States
WestRock;Materials;WRK;United States
Weyerhaeuser;Real Estate;WY;United States
Whirlpool Corp.;Consumer Discretionary;WHR;United States
Williams Companies;Energy;WMB;United States
Willis Towers Watson;Financials;WLTW;United States
Wynn Resorts Ltd;Consumer Discretionary;WYNN;United States
Xcel Energy Inc;Utilities;XEL;United States
Xerox;Information Technology;XRX;United States
Xilinx;Information Technology;XLNX;United States
Xylem Inc.;Industrials;XYL;United States
Yum! Brands Inc;Consumer Discretionary;YUM;United States
Zebra Technologies;Information Technology;ZBRA;United States
Zimmer Biomet Holdings;Health Care;ZBH;United States
Zions Bancorp;Financials;ZION;United States
Zoetis;Health Care;ZTS;United States
BANCO DE VENEZUELA, S.A. BANCO;Banks;BVL.CR;Venezuela
ENVASES VENEZOLANOS S.A.;Basic Materials;ENV.CR;Venezuela
FONDO DE VALORES INMOBILIARIOS;Retail;FVI-B.CR;Venezuela
MERCANTIL SERVICIOS FINANCIEROS;Financial Services;MVZ-A.CR;Venezuela
Erste Bank;Financials;EBS.VI;Austria
OMV;Basic Industries;OMV.VI;Austria
Voestalpine;Basic Industries;VOE.VI;Austria
Raiffeisen International;Financials;RBI.VI;Austria
Andritz;Industrial Goods & Services;ANDR.VI;Austria
Lenzing;Basic Industries;LNZ.VI;Austria
Immofinanz;Financials;IIA.VI;Austria
Wienerberger;Basic Industries;WIE.VI;Austria
BAWAG;Financials;BG.VI;Austria
CA Immo;Financials;CAI.VI;Austria
Verbund;Utilities;VER.VI;Austria
Austria Technologie & Systemtechnik AG;Industrial Goods & Services;ATS.VI;Austria
Uniqa Insurance Group;Financials;UQA.VI;Austria
